ＥＤＩＮＥＴコード,提出者名,提出者業種,提出者法人番号
E00011,住友林業株式会社,建設業,4010001090011
E00021,三菱マテリアル株式会社,非鉄金属,6010001023786
E00023,住友金属鉱山株式会社,非鉄金属,9010401015273
E00024,三井金属株式会社,非鉄金属,7010701011370
E00026,日本精鉱株式会社,非鉄金属,2011101016386
E00027,中外鉱業株式会社,非鉄金属,7010001008720
E00028,ＤＯＷＡホールディングス株式会社,非鉄金属,1010001008750
E00032,古河機械金属株式会社,非鉄金属,7010001008803
E00034,太平洋興発株式会社,卸売業,8010501031238
E00035,株式会社ニッチツ,機械,4010401054508
E00037,三井松島ホールディングス株式会社,その他製品,5290001010634
E00048,大和ハウス工業株式会社,建設業,6120001059662
E00052,大成建設株式会社,建設業,4011101011880
E00053,清水建設株式会社,建設業,1010401013565
E00055,株式会社大林組,建設業,7010401088742
E00056,株式会社　熊谷組,建設業,1210001001082
E00058,鹿島建設株式会社,建設業,8010401006744
E00059,日本国土開発株式会社,建設業,3010401022812
E00060,西松建設株式会社,建設業,8010401021454
E00064,松井建設株式会社,建設業,7010001034956
E00065,鉄建建設株式会社,建設業,2010001008709
E00066,東亜道路工業株式会社,建設業,7010401020201
E00069,株式会社錢高組,建設業,5120001049004
E00073,株式会社中電工,建設業,9240001006971
E00074,株式会社関電工,建設業,9010401006818
E00075,株式会社きんでん,建設業,1120001063033
E00076,株式会社トーエネック,建設業,8180001038758
E00079,徳倉建設株式会社,建設業,5180001038835
E00080,東亜建設工業株式会社,建設業,3011101055078
E00081,若築建設株式会社,建設業,6290801012011
E00083,株式会社奥村組,建設業,7120001004931
E00086,五洋建設株式会社,建設業,1010001000006
E00090,株式会社　長谷工コーポレーション,建設業,7010401024061
E00092,株式会社東京エネシス,建設業,6010401020680
E00093,大末建設株式会社,建設業,5120001083408
E00094,エクシオグループ株式会社,建設業,3011001031955
E00095,大豊建設株式会社,建設業,3010001034869
E00097,株式会社不動テトラ,建設業,4010001141053
E00098,ライト工業株式会社,建設業,7010001008811
E00101,サンユー建設株式会社,建設業,9010801004850
E00105,株式会社ナカノフドー建設,建設業,4010001008731
E00107,三機工業株式会社,建設業,2010001008683
E00109,三晃金属工業株式会社,建設業,9010401038472
E00112,東鉄工業株式会社,建設業,6011101014147
E00113,太平電業株式会社,建設業,4010001008748
E00115,日本電設工業株式会社,建設業,6010501016240
E00117,株式会社イチケン,建設業,7010501028268
E00118,南海辰村建設株式会社,建設業,3120001039386
E00119,中外炉工業株式会社,建設業,2120001049015
E00120,株式会社淺沼組,建設業,8120001022651
E00121,佐田建設株式会社,建設業,9070001001420
E00130,株式会社　森組,建設業,4120001077567
E00133,金下建設株式会社,建設業,8130001040495
E00137,株式会社ユアテック,建設業,4370001006286
E00138,株式会社ヤマト,建設業,5070001001977
E00142,日特建設株式会社,建設業,7010001053304
E00143,積水ハウス株式会社,建設業,8120001059652
E00146,株式会社クラフティア,建設業,6290001001120
E00147,戸田建設株式会社,建設業,6010001034874
E00148,矢作建設工業株式会社,建設業,6180001018506
E00149,高砂熱学工業株式会社,建設業,3010001008749
E00153,株式会社朝日工業社,建設業,5010401000023
E00157,都築電気株式会社,卸売業,9010401054908
E00161,明星工業株式会社,建設業,1120001049032
E00165,株式会社ＲＩＳＥ,不動産業,8010001128641
E00167,株式会社佐藤渡辺,建設業,5010401031200
E00168,日比谷総合設備株式会社,建設業,9010401025405
E00173,株式会社サンテック,建設業,4010001008681
E00175,北野建設株式会社,建設業,7100001000742
E00176,世紀東急工業株式会社,建設業,1010401015438
E00179,株式会社植木組,建設業,8110001017149
E00181,株式会社四電工,建設業,7470001004244
E00182,神田通信機株式会社,建設業,6010001013597
E00183,株式会社大気社,建設業,7011101011812
E00185,日本リーテック株式会社,建設業,5011501002891
E00187,日建工学株式会社,サービス業,1011101015686
E00189,株式会社協和日成,建設業,5011001006550
E00194,ダイダン株式会社,建設業,6120001045084
E00196,株式会社福田組,建設業,9110001004880
E00197,株式会社日本ハウスホールディングス,建設業,6400001001397
E00201,名工建設株式会社,建設業,1180001027354
E00204,日本基礎技術株式会社,建設業,9120001072753
E00207,北陸電気工事株式会社,建設業,6230001003007
E00208,株式会社丹青社,サービス業,3010501007440
E00209,株式会社　高田工業所,建設業,4290801010231
E00218,大東建託株式会社,建設業,4010401016607
E00221,新日本建設株式会社,建設業,2040001003186
E00222,高橋カーテンウォール工業株式会社,建設業,1010001049480
E00225,株式会社テクノ菱和,建設業,3010401018661
E00227,新日本空調株式会社,建設業,2010001062912
E00232,株式会社テノックス,建設業,7010401018815
E00233,大成温調株式会社,建設業,3010701005946
E00238,株式会社富士ピー・エス,建設業,6290001010204
E00239,株式会社大盛工業,建設業,9011801002605
E00240,株式会社土屋ホールディングス,建設業,7430001010659
E00242,田辺工業株式会社,建設業,5110001019890
E00246,暁飯島工業株式会社,建設業,7050001000351
E00248,サイタホールディングス株式会社,建設業,5290001044368
E00250,第一建設工業株式会社,建設業,4110001002922
E00251,株式会社守谷商会,建設業,7100001003530
E00254,株式会社マサル,建設業,7010601006280
E00255,株式会社大本組,建設業,7260001001493
E00259,株式会社三東工業社,建設業,7160001005521
E00260,株式会社ナカボーテック,建設業,7010001053015
E00263,株式会社ｆａｎｔａｓｉｓｔａ,建設業,7010401066847
E00268,株式会社　ヤマウラ,建設業,6100001021418
E00271,川崎設備工業株式会社,建設業,2180001035307
E00272,三井住建道路株式会社,建設業,1011101036179
E00276,日本乾溜工業株式会社,建設業,1290001028382
E00277,藤田エンジニアリング株式会社,建設業,6070001008237
E00279,株式会社ソネック,建設業,6140001044324
E00281,東建コーポレーション株式会社,建設業,1180001054828
E00282,工藤建設株式会社,建設業,5020001011279
E00285,株式会社髙松コンストラクショングループ,建設業,2120001056705
E00287,太洋基礎工業株式会社,建設業,7180001019940
E00304,株式会社　オーテック,建設業,8010601001272
E00311,株式会社ＡＶＡＮＴＩＡ,不動産業,8180001036547
E00312,株式会社ビーアールホールディングス,建設業,1240001015542
E00313,日本電技株式会社,建設業,1010601021483
E00315,美樹工業株式会社,建設業,8140001061763
E00316,東急建設株式会社,建設業,9011001040166
E00317,株式会社安藤・間,建設業,2010401051696
E00320,第一カッター興業株式会社,建設業,5021001007060
E00322,コムシスホールディングス株式会社,建設業,3010701014889
E00323,株式会社エムビーエス,建設業,9250001004074
E00327,株式会社ウエストホールディングス,建設業,9240001016913
E00329,ショーボンドホールディングス株式会社,建設業,8010001135778
E00331,森永乳業株式会社,食料品,8010401029662
E00334,日本ハム株式会社,食料品,6120001077615
E00335,プリマハム株式会社,食料品,6010701008888
E00337,六甲バター株式会社,食料品,6140001011869
E00341,福留ハム株式会社,食料品,6240001010290
E00342,エスフーズ株式会社,食料品,6140001069164
E00343,滝沢ハム株式会社,食料品,4060001017356
E00345,株式会社ニップン,食料品,9011001017684
E00346,株式会社日清製粉グループ本社,食料品,8010001008736
E00347,日東富士製粉株式会社,食料品,3010001034893
E00348,昭和産業株式会社,食料品,3010001008690
E00351,鳥越製粉株式会社,食料品,5290001055183
E00355,日本甜菜製糖株式会社,食料品,8010401054826
E00356,ＤＭ三井製糖株式会社,食料品,1010001034929
E00360,フジ日本株式会社,食料品,5010001034982
E00361,塩水港精糖株式会社,食料品,7010001079324
E00369,森永製菓株式会社,食料品,1010401029660
E00371,井村屋グループ株式会社,食料品,5190001000125
E00372,株式会社中村屋,食料品,6011101015442
E00373,江崎グリコ株式会社,食料品,5120001049268
E00374,株式会社不二家,食料品,3010001034910
E00375,山崎製パン株式会社,食料品,4010001008806
E00376,株式会社ｍｅｉｔｏ,食料品,5180001027409
E00377,第一屋製パン株式会社,食料品,8012701009955
E00378,カンロ株式会社,食料品,9011201001240
E00380,株式会社ブルボン,食料品,6110001017563
E00381,モロゾフ株式会社,食料品,2140001002665
E00382,日糧製パン株式会社,食料品,8430001012919
E00385,亀田製菓株式会社,食料品,4110001006378
E00386,岩塚製菓株式会社,食料品,5110001023736
E00387,寿スピリッツ株式会社,食料品,1270001003263
E00388,株式会社コモ,食料品,1180001075799
E00389,株式会社湖池屋,食料品,9011401005578
E00390,ヒロタグループホールディングス株式会社,小売業,3010001067927
E00393,サッポロホールディングス株式会社,食料品,4011001009265
E00394,アサヒグループホールディングス株式会社,食料品,6010601036386
E00395,キリンホールディングス株式会社,食料品,5010001034768
E00396,宝ホールディングス株式会社,食料品,4130001014981
E00397,オエノンホールディングス株式会社,食料品,2010001034770
E00400,養命酒製造株式会社,食料品,2011001024084
E00406,株式会社ヤクルト本社,食料品,7010401029746
E00408,北海道コカ・コーラボトリング株式会社,食料品,9430001021794
E00410,オリオンビール株式会社,食料品,7360001008504
E00414,株式会社伊藤園,食料品,3011001002279
E00417,コカ・コーラボトラーズジャパンホールディングス株式会社,食料品,4290001002946
E00422,マルサンアイ株式会社,食料品,9180301001869
E00424,ダイドーグループホールディングス株式会社,食料品,2120001083154
E00428,日清オイリオグループ株式会社,食料品,1010001034887
E00431,不二製油株式会社,食料品,8120001088461
E00433,かどや製油株式会社,食料品,9010701002351
E00434,株式会社Ｊ－オイルミルズ,食料品,6010001078021
E00435,キッコーマン株式会社,食料品,2040001071167
E00436,味の素株式会社,食料品,8010001034740
E00439,中部飼料株式会社,食料品,2180001094757
E00442,日本食品化工株式会社,食料品,8010001133971
E00443,林兼産業株式会社,食料品,8250001006179
E00444,カゴメ株式会社,食料品,2180001035109
E00446,株式会社ニチレイ,食料品,8010001034889
E00447,株式会社セイヒョー,食料品,3110001002790
E00448,群栄化学工業株式会社,化学,7070001006735
E00452,ヱスビー食品株式会社,食料品,6010001034750
E00453,石井食品株式会社,食料品,7040001016687
E00454,日和産業株式会社,食料品,7140001002355
E00456,ユアサ・フナショク株式会社,卸売業,6040001019014
E00457,日清食品ホールディングス株式会社,食料品,7120001057574
E00458,丸大食品株式会社,食料品,3120901012046
E00461,東洋水産株式会社,食料品,2010401020321
E00462,ハウス食品グループ本社株式会社,食料品,2122001005872
E00464,キユーピー株式会社,食料品,6011001006277
E00465,ユタカフーズ株式会社,食料品,7180001092285
E00466,ブルドックソース株式会社,食料品,6010001034924
E00467,シマダヤ株式会社,食料品,3011001010678
E00471,株式会社ウェルディッシュ,食料品,6010001010603
E00472,太陽化学株式会社,食料品,3190001015397
E00473,シノブフーズ株式会社,食料品,2120001049881
E00474,Ｂ－Ｒ　サーティワン　アイスクリーム株式会社,食料品,8010701008226
E00476,一正蒲鉾株式会社,食料品,5110001001304
E00478,和弘食品株式会社,食料品,9430001050661
E00480,株式会社あじかん,食料品,4240001000392
E00481,フジッコ株式会社,食料品,9140001010604
E00482,株式会社ロック・フィールド,食料品,4140001002820
E00484,佐藤食品工業株式会社,食料品,5180001075845
E00486,アリアケジャパン株式会社,食料品,3011001030833
E00487,旭松食品株式会社,食料品,5100001022185
E00488,株式会社デルソーレ,食料品,7011001041298
E00491,キーコーヒー株式会社,食料品,4010401007523
E00492,日本たばこ産業株式会社,食料品,4010401023000
E00493,ケンコーマヨネーズ株式会社,食料品,6140001003305
E00494,仙波糖化工業株式会社,食料品,6060001009351
E00495,株式会社大森屋,食料品,1120001034595
E00496,わらべや日洋ホールディングス株式会社,食料品,9012701001077
E00497,株式会社　マルタイ,食料品,5290001000577
E00498,日東ベスト株式会社,食料品,6390001011877
E00501,株式会社ダイショー,食料品,8010601023878
E00502,株式会社ヒガシマル,食料品,1340001000162
E00505,株式会社ユニカフェ,食料品,9010401030413
E00506,株式会社なとり,食料品,9011501003449
E00508,はごろもフーズ株式会社,食料品,3080001008932
E00510,サトウ食品株式会社,食料品,8110001002068
E00511,イフジ産業株式会社,食料品,7290001038112
E00513,株式会社ピエトロ,食料品,3290001018662
E00514,エバラ食品工業株式会社,食料品,5020001022870
E00515,株式会社　篠崎屋,食料品,5030001051126
E00518,ＲＩＺＡＰグループ株式会社,小売業,2011201012987
E00521,ポラリス・ホールディングス株式会社,サービス業,5010001128140
E00523,ヒューリック株式会社,不動産業,9010001008702
E00525,東洋紡株式会社,化学,2120001059666
E00529,ダイワボウホールディングス株式会社,卸売業,7120001077473
E00540,トヨタ紡織株式会社,輸送用機器,2180301014324
E00541,株式会社ＵＮＩＶＡ・Ｏａｋホールディングス,証券、商品先物取引業,3010401054921
E00542,日東紡績株式会社,ガラス・土石製品,4380001001146
E00544,日清紡ホールディングス株式会社,電気機器,6010001034882
E00545,マーチャント・バンカーズ株式会社,サービス業,7010001101599
E00558,日本製麻株式会社,卸売業,6230001008369
E00570,ニチモウ株式会社,卸売業,7010701011833
E00576,テルマー湯ホールディングス株式会社,不動産業,7010001076098
E00585,株式会社バナーズ,小売業,6030001085230
E00609,ＭＲＫホールディングス株式会社,小売業,1120001120362
E00630,株式会社ウッドワン,その他製品,4240001027972
E00631,永大産業株式会社,その他製品,7120001030374
E00632,ホクシン株式会社,その他製品,5120101037593
E00633,セブン工業株式会社,その他製品,1200001017170
E00635,南海プライウッド株式会社,その他製品,9470001003062
E00636,株式会社ノダ,その他製品,6010501010276
E00639,株式会社オービス,その他製品,1240001030054
E00640,ニホンフラッシュ株式会社,その他製品,8480001003475
E00642,王子ホールディングス株式会社,パルプ・紙,5010001034743
E00644,三菱製紙株式会社,パルプ・紙,8010001008769
E00645,北越コーポレーション株式会社,パルプ・紙,6110001023149
E00649,中越パルプ工業株式会社,パルプ・紙,3010001034877
E00650,株式会社巴川コーポレーション,パルプ・紙,9010001034871
E00652,野崎印刷紙業株式会社,その他製品,8130001005275
E00659,レンゴー株式会社,パルプ・紙,1120001036880
E00660,大王製紙株式会社,パルプ・紙,9500001014345
E00664,古林紙工株式会社,パルプ・紙,6120001088901
E00667,株式会社リヒトラブ,その他製品,1120001077594
E00668,ダイナパック株式会社,パルプ・紙,1180001037535
E00669,株式会社トーモク,パルプ・紙,7010001024692
E00670,コクヨ株式会社,その他製品,6120001012282
E00674,ザ・パック株式会社,パルプ・紙,5120001012382
E00675,スーパーバッグ株式会社,パルプ・紙,8013301005766
E00677,大石産業株式会社,パルプ・紙,9290801009087
E00678,ユニ・チャーム株式会社,化学,8500001014833
E00679,ナカバヤシ株式会社,その他製品,4120001086023
E00682,大村紙業株式会社,パルプ・紙,8021001006662
E00685,ニッポン高度紙工業株式会社,パルプ・紙,2490001001698
E00686,昭和パックス株式会社,パルプ・紙,9011101009961
E00687,株式会社岡山製紙,パルプ・紙,1260001001078
E00688,株式会社イムラ,パルプ・紙,1120001074740
E00690,ハビックス株式会社,パルプ・紙,6200001004239
E00691,特種東海製紙株式会社,パルプ・紙,3080001014336
E00692,ＴＯＰＰＡＮホールディングス株式会社,その他製品,7010501016231
E00693,大日本印刷株式会社,その他製品,5011101012069
E00695,共同印刷株式会社,その他製品,8010001002136
E00696,光村印刷株式会社,その他製品,4010701009442
E00703,ＮＩＳＳＨＡ株式会社,その他製品,9130001023441
E00705,株式会社ヴィア・ホールディングス,小売業,6010001000249
E00707,株式会社学研ホールディングス,情報・通信業,7010701021114
E00708,光ビジネスフォーム株式会社,パルプ・紙,5010101003318
E00709,株式会社文溪堂,情報・通信業,2200001011461
E00710,株式会社ＴＡＫＡＲＡ　＆　ＣＯＭＰＡＮＹ,その他製品,1013301013404
E00711,株式会社光陽社,その他製品,2120001077412
E00712,三光産業株式会社,その他製品,8011001034045
E00714,朝日印刷株式会社,パルプ・紙,3230001000097
E00715,株式会社マツモト,その他製品,9290801005722
E00716,株式会社プロネクサス,その他製品,4010401001245
E00717,株式会社ゼンリン,情報・通信業,5290801002046
E00719,サンメッセ株式会社,その他製品,9200001013658
E00720,竹田ｉＰホールディングス株式会社,その他製品,5180001008739
E00721,株式会社昭文社ホールディングス,情報・通信業,7010001018224
E00722,福島印刷株式会社,その他製品,2220001005602
E00723,株式会社中央経済社ホールディングス,情報・通信業,1010001022710
E00724,株式会社広済堂ホールディングス,その他製品,7010401009665
E00725,株式会社フジシールインターナショナル,その他製品,1120001002503
E00728,ＳＥホールディングス・アンド・インキュベーションズ株式会社,情報・通信業,8011101028203
E00730,セキ株式会社,その他製品,9500001002341
E00734,株式会社平賀,その他製品,5011601005828
E00735,総合商研株式会社,その他製品,8430001009031
E00736,スターツ出版株式会社,情報・通信業,7011701004273
E00744,株式会社　サイネックス,サービス業,1120001079723
E00745,株式会社ウェッジホールディングス,その他金融業,7010001085875
E00748,株式会社ウイルコホールディングス,その他製品,7220001008889
E00751,株式会社レゾナック・ホールディングス,化学,9010401014548
E00752,住友化学株式会社,化学,2010001071327
E00755,住友精化株式会社,化学,6140001044373
E00759,日産化学株式会社,化学,1010001008734
E00760,ラサ工業株式会社,化学,8010001034971
E00761,株式会社クレハ,化学,7010001034766
E00762,多木化学株式会社,化学,5140001043137
E00763,神島化学工業株式会社,ガラス・土石製品,2120001077049
E00764,テイカ株式会社,化学,7120001027825
E00765,石原産業株式会社,化学,9120001048976
E00766,日本曹達株式会社,化学,1010001008833
E00767,東ソー株式会社,化学,5250001010002
E00768,株式会社トクヤマ,化学,1250001009080
E00769,セントラル硝子株式会社,化学,4250001003329
E00770,東亞合成株式会社,化学,5010401020186
E00771,株式会社大阪ソーダ,化学,4120001049013
E00772,関東電化工業株式会社,化学,8010001013769
E00774,デンカ株式会社,化学,3010001008757
E00775,イビデン株式会社,電気機器,6200001013231
E00776,信越化学工業株式会社,化学,5010001008680
E00777,日本カーバイド工業株式会社,化学,6010401038624
E00780,堺化学工業株式会社,化学,4120101002532
E00781,高圧ガス工業株式会社,化学,5120001059639
E00783,日本酸素ホールディングス株式会社,化学,7010701015826
E00784,日本化学工業株式会社,化学,3010601005559
E00786,日本化学産業株式会社,化学,8010501016239
E00787,東邦アセチレン株式会社,化学,8010001034831
E00789,片倉コープアグリ株式会社,化学,4010001008665
E00791,丸尾カルシウム株式会社,化学,5140001035506
E00792,エア・ウォーター株式会社,化学,1430001009475
E00794,小池酸素工業株式会社,機械,7011701002789
E00796,チタン工業株式会社,化学,3250001003412
E00804,石原ケミカル株式会社,化学,7140001012494
E00805,ステラケミファ株式会社,化学,8120001044472
E00806,第一稀元素化学工業株式会社,化学,8120001031181
E00808,三菱ケミカルグループ株式会社,化学,8010401059206
E00809,保土谷化学工業株式会社,化学,2010401070762
E00810,田岡化学工業株式会社,化学,9120001056384
E00811,株式会社日本触媒,化学,9120001077620
E00815,三菱瓦斯化学株式会社,化学,9010001008768
E00816,協和キリン株式会社,医薬品,7010001008670
E00818,株式会社ダイセル,化学,4120001125937
E00819,住友ベークライト株式会社,化学,9010701005073
E00820,積水化学工業株式会社,化学,1120001059650
E00821,日本ゼオン株式会社,化学,9010001008834
E00824,アイカ工業株式会社,化学,6180001033620
E00828,クミアイ化学工業株式会社,化学,1010501016022
E00829,フクビ化学工業株式会社,化学,4210001003266
E00830,旭有機材株式会社,化学,7350001006608
E00832,藤倉化成株式会社,化学,1011401007292
E00834,大倉工業株式会社,化学,2470001007268
E00836,日本化薬株式会社,化学,3010001016850
E00837,広栄化学株式会社,化学,4120001077410
E00838,リケンテクノス株式会社,化学,9010001034970
E00839,児玉化学工業株式会社,化学,5010501016027
E00840,三井化学株式会社,化学,4010401052081
E00841,四国化成ホールディングス株式会社,化学,3470001007507
E00842,戸田工業株式会社,化学,3240001028939
E00845,積水化成品工業株式会社,化学,7120001065932
E00846,オーナンバ株式会社,非鉄金属,6120001011879
E00848,有機合成薬品工業株式会社,医薬品,9010001059621
E00850,細谷火工株式会社,化学,5013101001167
E00852,日本精化株式会社,化学,4120001093267
E00854,東京応化工業株式会社,化学,3020001069823
E00855,大阪有機化学工業株式会社,化学,1120001093014
E00858,株式会社ジェイエスピー,化学,9010001019484
E00861,前澤化成工業株式会社,化学,3010001057580
E00863,丸東産業株式会社,化学,5290001050416
E00866,三光合成株式会社,化学,5230001008725
E00867,ヤマト　モビリティ　＆　Ｍｆｇ．株式会社,化学,8030001059463
E00868,ケミプロ化成株式会社,化学,6140001007611
E00871,株式会社タカギセイコー,化学,4230001010335
E00876,株式会社クラレ,化学,1260001013156
E00877,旭化成株式会社,化学,5120001059606
E00878,株式会社ＡＤＥＫＡ,化学,1011501009437
E00879,株式会社カネカ,化学,8120001059628
E00880,日油株式会社,化学,1011001025967
E00881,ミヨシ油脂株式会社,食料品,2011801004789
E00882,新日本理化株式会社,化学,5130001014766
E00883,花王株式会社,化学,4010001034760
E00884,三洋化成工業株式会社,化学,3130001009314
E00885,第一工業製薬株式会社,化学,7130001017809
E00886,東邦化学工業株式会社,化学,5010001034850
E00887,日華化学株式会社,化学,1210001002667
E00888,松本油脂製薬株式会社,化学,7122001020132
E00890,株式会社ニイタカ,化学,9120001056079
E00891,大日本塗料株式会社,化学,1120001026551
E00892,日本ペイントホールディングス株式会社,化学,7120001072994
E00893,関西ペイント株式会社,化学,5140001048243
E00895,神東塗料株式会社,化学,7140001049181
E00896,川上塗料株式会社,化学,4140001048351
E00897,中国塗料株式会社,化学,1240001028478
E00898,日本パーカライジング株式会社,化学,1010001034994
E00899,株式会社日本ピグメントホールディングス,化学,4010001008839
E00900,日本特殊塗料株式会社,化学,1011501003539
E00901,ＤＩＣ株式会社,化学,7011401003807
E00902,大日精化工業株式会社,化学,4010001034868
E00903,ａｒｔｉｅｎｃｅ株式会社,化学,3010001034844
E00904,東京インキ株式会社,化学,8011501003045
E00905,サカタインクス株式会社,化学,2120001043471
E00906,スガイ化学工業株式会社,化学,4170001001687
E00909,株式会社アサヒペン,化学,4120001001403
E00910,イサム塗料株式会社,化学,8120001034242
E00911,アトミクス株式会社,化学,5011401000351
E00912,菊水化学工業株式会社,その他製品,9180001029938
E00913,太陽ホールディングス株式会社,化学,3011601003833
E00915,ナトコ株式会社,化学,1180301019737
E00916,エスケー化研株式会社,化学,5120901000305
E00917,大伸化学株式会社,化学,6010401016497
E00919,武田薬品工業株式会社,医薬品,2120001077461
E00920,アステラス製薬株式会社,医薬品,5010001034966
E00922,住友ファーマ株式会社,医薬品,3120001077477
E00923,塩野義製薬株式会社,医薬品,9120001077430
E00926,株式会社テーオーシー,不動産業,1010701006145
E00928,わかもと製薬株式会社,医薬品,1010001035010
E00931,日本新薬株式会社,医薬品,2130001012236
E00932,中外製薬株式会社,医薬品,5011501002900
E00935,科研製薬株式会社,医薬品,4010001000003
E00937,日本農薬株式会社,化学,2010001034985
E00939,エーザイ株式会社,医薬品,6010001000001
E00941,森下仁丹株式会社,医薬品,8120001077571
E00942,ロート製薬株式会社,医薬品,6120001019253
E00944,久光製薬株式会社,医薬品,7300001006281
E00945,小野薬品工業株式会社,医薬品,7120001077374
E00947,持田製薬株式会社,医薬品,9011101021173
E00948,ゼリア新薬工業株式会社,医薬品,7010001034790
E00949,参天製薬株式会社,医薬品,5120001051819
E00952,理研ビタミン株式会社,食料品,3010001008815
E00953,扶桑薬品工業株式会社,医薬品,5120001077541
E00957,日本ケミファ株式会社,医薬品,5010001033101
E00961,栄研化学株式会社,医薬品,2010501028231
E00962,キッセイ薬品工業株式会社,医薬品,1100001012982
E00967,Ｈ．Ｕ．グループホールディングス株式会社,サービス業,1011101039628
E00970,生化学工業株式会社,医薬品,9010001048285
E00973,ＪＣＲファーマ株式会社,医薬品,6140001000905
E00974,東和薬品株式会社,医薬品,4120001157872
E00975,富士製薬工業株式会社,医薬品,5010001084045
E00977,株式会社カイノス,医薬品,5010001001710
E00981,ネクセラファーマ株式会社,医薬品,4010001021288
E00984,第一三共株式会社,医薬品,1010001095640
E00985,杏林製薬株式会社,医薬品,8010001096491
E00986,株式会社免疫生物研究所,医薬品,8070001009687
E00987,カルナバイオサイエンス株式会社,医薬品,8140001022724
E00988,富士フイルムホールディングス株式会社,化学,6010401065370
E00989,コニカミノルタ株式会社,電気機器,5010001084367
E00990,株式会社資生堂,化学,1010001034813
E00991,ライオン株式会社,化学,1010601016863
E00993,高砂香料工業株式会社,化学,2010801006894
E00994,共和レザー株式会社,化学,9080401001465
E00995,東リ株式会社,化学,6140001078660
E01000,ニチバン株式会社,化学,5010001000010
E01001,北興化学工業株式会社,化学,5010001034909
E01002,ＵＢＥ株式会社,化学,2250001002992
E01006,川口化学工業株式会社,化学,5010001008672
E01007,フマキラー株式会社,化学,4010001008797
E01008,積水樹脂株式会社,化学,9120001059651
E01009,サンケイ化学株式会社,化学,8340001001781
E01014,ダイトーケミックス株式会社,化学,4120001035442
E01015,アース製薬株式会社,化学,9010001009832
E01018,株式会社ツムラ,医薬品,1010401069161
E01019,エステー株式会社,化学,8011101003057
E01020,ハリマ化成グループ株式会社,化学,9140001043348
E01024,タイガースポリマー株式会社,化学,6120901024427
E01027,株式会社マンダム,化学,1120001090234
E01028,伊勢化学工業株式会社,化学,9010001037370
E01031,旭化学工業株式会社,化学,5180301015006
E01032,ムトー精工株式会社,化学,8200001007025
E01034,長谷川香料株式会社,化学,2010001063068
E01035,株式会社アイビー化粧品,化学,3010401000784
E01039,株式会社ミルボン,化学,3120001001206
E01040,株式会社日本色材工業研究所,化学,1010401022715
E01045,上村工業株式会社,化学,8120001077365
E01047,小林製薬株式会社,化学,4120001077402
E01048,荒川化学工業株式会社,化学,4120001074060
E01049,株式会社コーセーホールディングス,化学,7010001043552
E01051,東洋合成工業株式会社,化学,6040001027017
E01052,株式会社サンエー化研,化学,2010001017602
E01053,萩原工業株式会社,その他製品,7260001014438
E01054,メック株式会社,化学,6140001051626
E01055,綜研化学株式会社,化学,8013301006500
E01056,扶桑化学工業株式会社,化学,6120001088372
E01057,株式会社ソフト９９コーポレーション,化学,8120001083009
E01058,大成ラミックグループ株式会社,化学,2030001031015
E01059,コタ株式会社,化学,9130001033317
E01060,日本高純度化学株式会社,化学,2011601007777
E01061,ウルトラファブリックス・ホールディングス株式会社,化学,8010101002135
E01063,株式会社ハーバー研究所,化学,5010001066200
E01064,株式会社ＡＦＣ－ＨＤアムスライフサイエンス,食料品,3080001005054
E01065,株式会社ＪＣＵ,化学,3010501001864
E01066,株式会社アテクト,化学,5122001004491
E01068,東洋ドライルーブ株式会社,化学,5010901008144
E01074,株式会社ミツウロコグループホールディングス,卸売業,4010001034942
E01075,シナネンホールディングス株式会社,卸売業,5010401013396
E01081,ＪＸ金属株式会社,非鉄金属,2010001133878
E01096,アキレス株式会社,化学,7011101000682
E01103,ロンシール工業株式会社,化学,5010601018451
E01108,豊田合成株式会社,輸送用機器,7180001045235
E01118,株式会社リーガルコーポレーション,その他製品,4040001034188
E01120,株式会社ニッピ,その他製品,7011801011046
E01121,日本板硝子株式会社,ガラス・土石製品,4010401054474
E01122,ＡＧＣ株式会社,ガラス・土石製品,2010001008650
E01123,石塚硝子株式会社,ガラス・土石製品,4180001088187
E01124,ＨＯＹＡ株式会社,精密機器,7011101019599
E01126,日本山村硝子株式会社,ガラス・土石製品,1140001054947
E01127,住友大阪セメント株式会社,ガラス・土石製品,5010001023779
E01130,太平洋セメント株式会社,ガラス・土石製品,4010401082995
E01131,日本坩堝株式会社,ガラス・土石製品,9011001018113
E01135,ニッコー株式会社,ガラス・土石製品,2220001008794
E01136,日本特殊陶業株式会社,ガラス・土石製品,3180001010845
E01137,ＮＧＫ株式会社,ガラス・土石製品,3180001010829
E01138,ＴＯＴＯ株式会社,ガラス・土石製品,1290801002603
E01139,ノリタケ株式会社,ガラス・土石製品,4180001026725
E01140,日本カーボン株式会社,ガラス・土石製品,9010001035011
E01141,ダントーホールディングス株式会社,ガラス・土石製品,9140001085662
E01142,日本コンクリート工業株式会社,ガラス・土石製品,8010401022551
E01143,旭コンクリート工業株式会社,ガラス・土石製品,5010001034751
E01146,品川リフラ株式会社,ガラス・土石製品,9010001008685
E01147,株式会社　ヨータイ,ガラス・土石製品,8120101038845
E01149,東京窯業株式会社,ガラス・土石製品,2010001023781
E01151,ニチアス株式会社,ガラス・土石製品,9010401021486
E01152,株式会社有沢製作所,化学,1110001018789
E01156,リソルホールディングス株式会社,サービス業,6011101020517
E01157,日本ヒューム株式会社,ガラス・土石製品,6010401023196
E01161,ピーエス・コンストラクション株式会社,建設業,1010001008742
E01162,東海カーボン株式会社,ガラス・土石製品,6010401020094
E01163,株式会社エーアンドエーマテリアル,ガラス・土石製品,9020001040448
E01164,株式会社バルカー,化学,5010701020092
E01165,株式会社トーヨーアサノ,ガラス・土石製品,4080101001290
E01166,株式会社ノザワ,ガラス・土石製品,9140001010083
E01169,三谷セキサン株式会社,ガラス・土石製品,9210001004020
E01170,株式会社オハラ,ガラス・土石製品,4021001011600
E01172,昭和化学工業株式会社,化学,3013201002835
E01173,ＳＥＣカーボン株式会社,ガラス・土石製品,9140001047877
E01176,ＡＳＡＨＩ　ＥＩＴＯホールディングス株式会社,ガラス・土石製品,2120101021352
E01177,ジャニス工業株式会社,ガラス・土石製品,9180001093174
E01180,美濃窯業株式会社,ガラス・土石製品,5200001021920
E01182,京セラ株式会社,電気機器,4130001000049
E01183,株式会社松風,精密機器,6130001009674
E01188,株式会社ニッカトー,ガラス・土石製品,8120101006505
E01190,日本電気硝子株式会社,ガラス・土石製品,4160001001498
E01195,クニミネ工業株式会社,ガラス・土石製品,6010001015098
E01200,日本興業株式会社,ガラス・土石製品,3470001011236
E01202,ヨシコン株式会社,不動産業,1080001010527
E01204,株式会社鶴弥,ガラス・土石製品,2180001091861
E01205,株式会社倉元製作所,ガラス・土石製品,1370201003004
E01206,ジオスター株式会社,ガラス・土石製品,2010001083727
E01207,株式会社フジミインコーポレーテッド,ガラス・土石製品,7180001045697
E01208,株式会社高見澤,卸売業,9100001001879
E01210,株式会社ＭＡＲＵＷＡ,ガラス・土石製品,2180001079691
E01211,ヤマウホールディングス株式会社,ガラス・土石製品,6290001010856
E01212,株式会社ヤマックス,ガラス・土石製品,5330001004739
E01216,株式会社イトーヨーギョー,ガラス・土石製品,3140001003027
E01218,マイポックス株式会社,ガラス・土石製品,2012801002444
E01219,新東株式会社,ガラス・土石製品,9180301015778
E01221,岡本硝子株式会社,精密機器,2040001065334
E01222,アジアパイルホールディングス株式会社,ガラス・土石製品,2010001119497
E01223,東洋炭素株式会社,ガラス・土石製品,1120001050238
E01225,日本製鉄株式会社,鉄鋼,3010001008848
E01229,株式会社中山製鋼所,鉄鋼,5120001027901
E01230,トピー工業株式会社,輸送用機器,2010701019419
E01231,株式会社　神戸製鋼所,鉄鋼,6140001005714
E01232,株式会社日本製鋼所,機械,5010701019531
E01233,三菱製鋼株式会社,鉄鋼,8010001058095
E01234,愛知製鋼株式会社,鉄鋼,9180001094156
E01235,合同製鐵株式会社,鉄鋼,6120001049614
E01236,日本鋳造株式会社,鉄鋼,8020001074100
E01239,大同特殊鋼株式会社,鉄鋼,6180001037514
E01242,日本冶金工業株式会社,鉄鋼,2010001034977
E01245,東北特殊鋼株式会社,鉄鋼,2370001002444
E01247,株式会社ヨドコウ,鉄鋼,4120001077591
E01251,中部鋼鈑株式会社,鉄鋼,2180001020102
E01253,丸一鋼管株式会社,鉄鋼,5120001047593
E01254,大平洋金属株式会社,鉄鋼,2010001008717
E01256,新日本電工株式会社,鉄鋼,9010001035003
E01257,新報国マテリアル株式会社,鉄鋼,1030001054909
E01259,大和工業株式会社,鉄鋼,8140001059873
E01260,北越メタル株式会社,鉄鋼,9110001023162
E01261,東京製鐵株式会社,鉄鋼,8010001008819
E01262,大阪製鐵株式会社,鉄鋼,1120001028390
E01264,ＪＦＥホールディングス株式会社,鉄鋼,6010001080308
E01266,共英製鋼株式会社,鉄鋼,5120001062898
E01267,株式会社　クボタ,機械,1120001037978
E01268,株式会社栗本鐵工所,鉄鋼,1120001048991
E01269,虹技株式会社,鉄鋼,6140001063844
E01275,高砂鐵工株式会社,鉄鋼,6011401003931
E01276,日本金属株式会社,鉄鋼,1011401011162
E01277,中日本鋳工株式会社,機械,9180301022576
E01280,日本精線株式会社,鉄鋼,2120001093269
E01282,神鋼鋼線工業株式会社,鉄鋼,2140001049112
E01283,日本鋳鉄管株式会社,鉄鋼,3010001016859
E01284,中央可鍛工業株式会社,鉄鋼,3180001020051
E01287,日亜鋼業株式会社,鉄鋼,7140001050536
E01292,東京鐵鋼株式会社,鉄鋼,8060001014498
E01294,パウダーテック株式会社,鉄鋼,7040001066245
E01296,株式会社サンユウ,鉄鋼,1120001149666
E01298,株式会社エスイー,金属製品,4011101042505
E01300,エスクリプトエナジー株式会社,非鉄金属,6010001084903
E01301,東邦チタニウム株式会社,非鉄金属,7021001007190
E01303,株式会社アーレスティ,非鉄金属,7011201010490
E01305,日本伸銅株式会社,非鉄金属,1120101008623
E01308,東邦亜鉛株式会社,非鉄金属,9010001034863
E01315,モリ工業株式会社,鉄鋼,2120101034032
E01317,株式会社ＬＩＸＩＬ,金属製品,5010601004914
E01318,株式会社大紀アルミニウム工業所,非鉄金属,5120001125102
E01320,アルメタックス株式会社,金属製品,5120001060472
E01321,株式会社ＣＫサンエツ,非鉄金属,7230001010051
E01324,小野建株式会社,卸売業,6320001000746
E01325,株式会社ダイケン,金属製品,6120001056412
E01327,株式会社大阪チタニウムテクノロジーズ,非鉄金属,8140001052085
E01329,株式会社エルアイイーエイチ,非鉄金属,3010001089995
E01330,株式会社ＵＡＣＪ,非鉄金属,9010001098116
E01331,エヌアイシ・オートテック株式会社,非鉄金属,2230001000412
E01332,古河電気工業株式会社,非鉄金属,5010001008796
E01333,住友電気工業株式会社,非鉄金属,5120001077450
E01334,株式会社フジクラ,非鉄金属,2010601007861
E01336,ＳＷＣＣ株式会社,非鉄金属,7010401061336
E01348,ＪＭＡＣＳ株式会社,非鉄金属,8122001015783
E01350,カナレ電気株式会社,非鉄金属,8180001067823
E01351,株式会社三ッ星,非鉄金属,7120001025481
E01352,平河ヒューテック株式会社,非鉄金属,1010701008364
E01353,東洋製罐グループホールディングス株式会社,金属製品,7010701026096
E01354,ホッカンホールディングス株式会社,金属製品,6010001008804
E01355,株式会社横河ブリッジホールディングス,金属製品,9010401030578
E01362,株式会社駒井ハルテック,金属製品,2120001028927
E01364,瀧上工業株式会社,金属製品,1180001089667
E01365,那須電機鉄工株式会社,金属製品,5011101015468
E01366,中国工業株式会社,金属製品,6240001006578
E01367,日本発條株式会社,金属製品,7020001006616
E01368,アマテイ株式会社,金属製品,5140001047550
E01369,株式会社ワイズホールディングス,金属製品,2130001013473
E01370,日本フイルコン株式会社,金属製品,4013401002394
E01372,日工株式会社,機械,6140001035281
E01373,高田機工株式会社,金属製品,8120001038994
E01377,オーエスジー株式会社,機械,1180301010019
E01378,東京製綱株式会社,金属製品,7010001034997
E01379,リョービ株式会社,非鉄金属,8240001034478
E01380,ＴＯＮＥ株式会社,金属製品,9120001013625
E01381,川岸工業株式会社,金属製品,1010401007286
E01382,東プレ株式会社,金属製品,4010001036658
E01385,三和ホールディングス株式会社,金属製品,3011101010289
E01391,浅香工業株式会社,その他製品,8120101000268
E01393,株式会社　アドバネクス,金属製品,7011501000992
E01394,株式会社　巴コーポレーション,建設業,9010001034839
E01396,株式会社ファインシンター,金属製品,6180001078161
E01398,北沢産業株式会社,卸売業,3011001006107
E01400,高周波熱錬株式会社,金属製品,1010701003241
E01402,サンコール株式会社,金属製品,4130001000899
E01403,株式会社ロブテックス,金属製品,8122001008085
E01405,中央発條株式会社,金属製品,9180001028444
E01408,日本製罐株式会社,金属製品,4030001006527
E01409,三洋工業株式会社,金属製品,6010601002347
E01411,モリテックスチール株式会社,金属製品,7120001077572
E01412,岡部株式会社,金属製品,7010601009878
E01413,文化シヤッター株式会社,金属製品,3010001088907
E01414,イーグル工業株式会社,機械,2010401002451
E01415,東洋シヤッター株式会社,金属製品,4120001085479
E01417,リンナイ株式会社,金属製品,2180001021323
E01420,京都機械工具株式会社,金属製品,6130001016191
E01421,日本パワーファスニング株式会社,金属製品,5120001108081
E01422,不二サッシ株式会社,金属製品,7020001070117
E01425,株式会社大谷工業,金属製品,5010701002074
E01426,天龍製鋸株式会社,金属製品,3080401017392
E01427,ダイニチ工業株式会社,金属製品,8110001007521
E01428,株式会社研創,その他製品,9240001003119
E01430,アルインコ株式会社,金属製品,3120901010347
E01431,協立エアテック株式会社,金属製品,2290001038257
E01434,株式会社ＫＶＫ,機械,6200001001871
E01435,株式会社スーパーツール,金属製品,1120101003608
E01437,兼房株式会社,金属製品,6180001080984
E01438,株式会社パイオラックス,金属製品,7020001030260
E01439,イワブチ株式会社,金属製品,9040001034893
E01441,株式会社トーアミ,金属製品,5122001016280
E01442,株式会社共和工業所,金属製品,1220001011873
E01443,トーカロ株式会社,金属製品,6140001021397
E01444,株式会社　コロナ,金属製品,5110001014116
E01445,株式会社　中西製作所,金属製品,3120001018349
E01446,株式会社オーネックス,金属製品,2021001019513
E01448,カネソウ株式会社,金属製品,5190001014604
E01451,株式会社稲葉製作所,金属製品,8010801001097
E01452,株式会社　Ｊ－ＭＡＸ,金属製品,7200001014294
E01454,株式会社　放電精密加工研究所,機械,6021001020459
E01456,株式会社ニチダイ,機械,2130001038818
E01459,株式会社遠藤製作所,その他製品,6110001015567
E01461,宮地エンジニアリンググループ株式会社,金属製品,7010001084761
E01462,サンコーテクノ株式会社,金属製品,2040001040188
E01464,特殊電極株式会社,金属製品,8140001050221
E01465,株式会社マルマエ,機械,2340001011885
E01466,株式会社ＭＩＥコーポレーション,金属製品,9190001013718
E01469,株式会社タクマ,機械,4140001053517
E01471,阪神内燃機工業株式会社,輸送用機器,1140001010149
E01474,株式会社ジャパンエンジンコーポレーション,輸送用機器,3140001036976
E01475,株式会社　赤阪鐵工所,機械,3010001008658
E01477,ダイハツインフィニアース株式会社,輸送用機器,3120001083145
E01478,三浦工業株式会社,機械,7500001003977
E01480,株式会社ツガミ,機械,3010001101264
E01481,オークマ株式会社,機械,1180001081319
E01482,芝浦機械株式会社,機械,3010001034836
E01486,株式会社アマダ,機械,7021001020895
E01488,ダイジェット工業株式会社,機械,6120001020814
E01493,株式会社岡本工作機械製作所,機械,7070001009787
E01495,株式会社ＦＵＪＩ,機械,2180301014885
E01496,株式会社　牧野フライス製作所,機械,7013201005504
E01499,旭ダイヤモンド工業株式会社,機械,4010001008954
E01502,ＤＭＧ森精機株式会社,機械,1150001006212
E01503,富士精工株式会社,機械,5180301019188
E01504,株式会社ソディック,機械,3020001020736
E01505,ユニオンツール株式会社,機械,5010701010077
E01506,株式会社ディスコ,機械,6010801007501
E01507,株式会社ヤマザキ,機械,9080401005540
E01508,タケダ機械株式会社,機械,2220001012680
E01509,日東工器株式会社,機械,3010801009129
E01510,高松機械工業株式会社,機械,6220001009228
E01511,株式会社和井田製作所,機械,2200001025263
E01514,株式会社豊田自動織機,輸送用機器,3180301014273
E01515,豊和工業株式会社,機械,7180001032621
E01518,株式会社石川製作所,機械,6220001007685
E01521,エンシュウ株式会社,機械,1080401000672
E01524,津田駒工業株式会社,機械,3220001004330
E01528,ＴＯＹＯイノベックス株式会社,機械,5140001035200
E01529,株式会社加地テック,機械,2120101021427
E01531,株式会社島精機製作所,機械,2170001001508
E01532,株式会社小松製作所,機械,1010401010455
E01533,住友重機械工業株式会社,機械,9010701005032
E01534,株式会社　東京自働機械製作所,機械,7010001034205
E01536,三菱化工機株式会社,機械,7020001074662
E01537,月島ホールディングス株式会社,機械,8010001034856
E01538,明治機械株式会社,機械,2010001030563
E01539,株式会社東京機械製作所,機械,9010401020496
E01541,新東工業株式会社,機械,5180001030627
E01542,株式会社荏原製作所,機械,1010801001748
E01544,株式会社電業社機械製作所,機械,8010801007581
E01545,アイダエンジニアリング株式会社,機械,6021001011037
E01546,木村化工機株式会社,機械,7140001048448
E01547,株式会社太平製作所,機械,6180001076066
E01548,株式会社ヒラノテクシード,機械,9150001013309
E01550,旭精機工業株式会社,機械,7180001079431
E01551,株式会社ダイフク,機械,5120001050011
E01554,アネスト岩田株式会社,機械,3020001043522
E01563,井関農機株式会社,機械,2500001000533
E01568,株式会社丸山製作所,機械,5010001008788
E01569,千代田化工建設株式会社,建設業,3020001018029
E01570,ダイキン工業株式会社,機械,8120001059660
E01571,オルガノ株式会社,機械,3010601025111
E01572,トーヨーカネツ株式会社,機械,2010601004909
E01573,栗田工業株式会社,機械,8011101023170
E01575,日揮ホールディングス株式会社,建設業,3010001008732
E01577,レイズネクスト株式会社,建設業,3020001017402
E01578,株式会社椿本チエイン,機械,2120001002188
E01581,オリエンタルチエン工業株式会社,機械,8220001009044
E01583,株式会社加藤製作所,機械,3010701002324
E01584,株式会社北川鉄工所,機械,4240001034184
E01585,日立建機株式会社,機械,3010001026998
E01587,株式会社東京衡機,精密機器,2010001008816
E01589,株式会社　アルバック,電気機器,5021001007242
E01590,アマノ株式会社,機械,3020001019365
E01591,日機装株式会社,精密機器,7011001017109
E01593,株式会社アイシン,輸送用機器,6180301013611
E01594,ブラザー工業株式会社,電気機器,8180001010997
E01595,株式会社ジャノメ,機械,7010101008876
E01596,ＪＵＫＩ株式会社,機械,8013401006169
E01599,ＴＰＲ株式会社,機械,3010001034852
E01600,日本精工株式会社,機械,8010701007715
E01601,ＮＴＮ株式会社,機械,3120001048981
E01602,株式会社ジェイテクト,機械,9120001079055
E01603,株式会社不二越,機械,4230001002687
E01607,ミネベアミツミ株式会社,電気機器,8100001007753
E01609,岡野バルブ製造株式会社,機械,4290801005157
E01610,酒井重工業株式会社,機械,1010401011081
E01612,油研工業株式会社,機械,7021001028468
E01613,株式会社タダノ,機械,9470001002700
E01617,株式会社タカキタ,機械,4190001009381
E01620,フリージア・マクロス株式会社,機械,3010001000012
E01622,フジテック株式会社,機械,3160001009212
E01624,株式会社宮入バルブ製作所,機械,8010001034955
E01627,トリニティ工業株式会社,機械,6180301021663
E01628,株式会社テクノスマート,機械,4120001074705
E01629,キクカワエンタープライズ株式会社,機械,8190001006573
E01630,テルモ株式会社,精密機器,3011001015116
E01631,日本トムソン株式会社,機械,4010401023033
E01632,三精テクノロジーズ株式会社,機械,3120901006634
E01635,株式会社宇野澤組鐵工所,機械,4011001003103
E01636,株式会社酉島製作所,機械,9120901011562
E01642,オイレス工業株式会社,機械,1010401006049
E01643,株式会社日阪製作所,機械,1120001087750
E01644,株式会社　桜井製作所,輸送用機器,9080401001936
E01645,株式会社ＰＩＬＬＡＲ,機械,3120001059450
E01646,水道機工株式会社,機械,5010901005975
E01647,小倉クラッチ株式会社,機械,1070001015725
E01648,株式会社ＮＦＫホールディングス,機械,9020001018394
E01649,株式会社中北製作所,機械,5122001015687
E01650,グローリー株式会社,機械,5140001058614
E01651,株式会社プラコー,機械,6030001018165
E01652,株式会社ハマイ,機械,6010701008104
E01653,株式会社モリタホールディングス,輸送用機器,7120001019062
E01654,ホシザキ株式会社,機械,4180001069484
E01656,日本アイ・エス・ケイ株式会社,その他製品,1010501003516
E01657,株式会社アイチコーポレーション,機械,1030001042723
E01659,株式会社長府製作所,金属製品,8250001005924
E01660,株式会社キッツ,機械,2040001001644
E01661,東洋エンジニアリング株式会社,建設業,9010001024113
E01662,株式会社鶴見製作所,機械,9120001002215
E01663,株式会社ＡＩＲＭＡＮ,機械,4110001016088
E01666,澁谷工業株式会社,機械,7220001003337
E01667,株式会社小森コーポレーション,機械,9010601010719
E01669,新晃工業株式会社,機械,6120001065727
E01670,レオン自動機株式会社,機械,8060001004788
E01672,前澤工業株式会社,機械,5010001057579
E01673,ＳＭＣ株式会社,機械,3010001097635
E01675,シリウスビジョン株式会社,機械,3120101005362
E01676,ホソカワミクロン株式会社,機械,2120001151786
E01677,株式会社瑞光,機械,7120901009526
E01678,ＴＨＫ株式会社,機械,3010701006176
E01682,日精エー・エス・ビー機械株式会社,機械,7100001008315
E01683,株式会社ヨシタケ,機械,9180001011318
E01684,靜甲株式会社,機械,5080001008518
E01685,株式会社サトー,機械,7013201017276
E01686,株式会社コンセック,卸売業,8240001003540
E01688,昭和鉄工株式会社,金属製品,9290001003221
E01690,株式会社技研製作所,機械,5490001000359
E01692,株式会社小田原エンジニアリング,機械,6021001034104
E01693,前澤給装工業株式会社,機械,8013201005478
E01694,株式会社カワタ,機械,6120001042354
E01695,日精樹脂工業株式会社,機械,1100001011530
E01696,オカダアイヨン株式会社,機械,3120001028645
E01698,日本金銭機械株式会社,機械,7120001022181
E01704,サンセイ株式会社,機械,3120001055482
E01705,巴工業株式会社,機械,2010701018429
E01708,ＴＯＷＡ株式会社,機械,7130001011258
E01710,ＹＵＳＨＩＮ株式会社,機械,3130001015997
E01711,株式会社タクミナ,機械,1120001083948
E01712,株式会社ハーモニック・ドライブ・システムズ,機械,3010701008189
E01713,北川精機株式会社,機械,7240001034181
E01714,荏原実業株式会社,機械,5010001039024
E01715,株式会社タカトリ,機械,2150001010683
E01716,株式会社ＴＶＥ,機械,3140001052189
E01717,株式会社　精工技研,電気機器,6040001035845
E01718,株式会社オーイズミ,機械,5021001020996
E01719,株式会社昭和真空,機械,9021001012619
E01721,兼松エンジニアリング株式会社,機械,5490001000318
E01723,株式会社竹内製作所,機械,4100001011503
E01724,鈴茂器工株式会社,機械,3011601010978
E01725,三井海洋開発株式会社,機械,8010001007886
E01726,ナブテスコ株式会社,機械,3010001142283
E01727,ヒーハイスト株式会社,機械,6030001056900
E01728,コンバム株式会社,機械,4010801011620
E01729,日進工具株式会社,機械,4010701007545
E01730,株式会社エスティック,機械,3120001155365
E01731,株式会社ＰＥＧＡＳＵＳ,機械,6120001036356
E01733,平田機工株式会社,機械,4010701008411
E01734,株式会社エヌ・ピー・シー,機械,9011501005718
E01735,野村マイクロ・サイエンス株式会社,機械,2021001020322
E01737,株式会社日立製作所,電気機器,7010001008844
E01739,三菱電機株式会社,電気機器,4010001008772
E01740,富士電機株式会社,電気機器,9020001071492
E01741,株式会社安川電機,電気機器,5290801010767
E01742,東洋電機製造株式会社,電気機器,7010001034857
E01743,シンフォニアテクノロジー株式会社,電気機器,2010401054443
E01744,株式会社明電舎,電気機器,4010701009640
E01747,株式会社戸上電機製作所,電気機器,5300001000526
E01748,愛知電機株式会社,電気機器,4180001073593
E01750,株式会社ダイヘン,電気機器,6120001056461
E01751,株式会社オリジン,電気機器,3013301003097
E01752,大崎電気工業株式会社,電気機器,6010701001918
E01753,三櫻工業株式会社,輸送用機器,6011001045853
E01754,株式会社かわでん,電気機器,4390001010708
E01755,オムロン株式会社,電気機器,1130001016824
E01757,芝浦メカトロニクス株式会社,電気機器,8020001032660
E01758,デンヨー株式会社,電気機器,4010001105371
E01759,日東工業株式会社,電気機器,9180001067905
E01760,株式会社正興電機製作所,電気機器,6290001014089
E01761,株式会社ＴＥＩＫＯＫＵ,機械,3140001039376
E01764,寺崎電気産業株式会社,電気機器,6120001005889
E01765,日本電気株式会社,電気機器,7010401022916
E01766,富士通株式会社,電気機器,1020001071491
E01767,沖電気工業株式会社,電気機器,7010401006126
E01769,日本信号株式会社,電気機器,9010001110631
E01770,株式会社京三製作所,電気機器,6020001017093
E01772,パナソニックホールディングス株式会社,電気機器,5120001158218
E01773,シャープ株式会社,電気機器,6120001005484
E01774,アンリツ株式会社,電気機器,2021001021865
E01777,ソニーグループ株式会社,電気機器,5010401067252
E01780,ＴＤＫ株式会社,電気機器,7010001034849
E01782,帝国通信工業株式会社,電気機器,2020001069741
E01786,株式会社タムラ製作所,電気機器,3011601004237
E01790,サンケン電気株式会社,電気機器,3030001045666
E01793,アルプスアルパイン株式会社,電気機器,3010801000723
E01795,株式会社ＴＢグループ,電気機器,7010001005536
E01797,フォスター電機株式会社,電気機器,8012801002521
E01798,東亜ディーケーケー株式会社,電気機器,9011101013864
E01802,ホーチキ株式会社,電気機器,3010701008973
E01803,能美防災株式会社,電気機器,5010001008739
E01805,ＳＭＫ株式会社,電気機器,5010701001431
E01806,山洋電気株式会社,電気機器,1013301004808
E01807,日本電波工業株式会社,電気機器,1011001017865
E01808,株式会社ヨコオ,電気機器,4011501004889
E01811,東京コスモス電機株式会社,電気機器,6021001028329
E01813,天昇電気工業株式会社,化学,8012301007277
E01815,ホシデン株式会社,電気機器,4122001020003
E01816,大同信号株式会社,電気機器,3010801006704
E01817,北陸電気工業株式会社,電気機器,6230001005201
E01819,池上通信機株式会社,電気機器,6010801000811
E01821,株式会社三社電機製作所,電気機器,7120001051882
E01824,太陽誘電株式会社,電気機器,3010501016202
E01828,日本航空電子工業株式会社,電気機器,2011001017526
E01831,ＴＯＡ株式会社,電気機器,3140001005675
E01834,ローランド株式会社,その他製品,6080401010213
E01839,古野電気株式会社,電気機器,5140001070263
E01841,双葉電子工業株式会社,電気機器,9040001059420
E01842,リオン株式会社,電気機器,1012401002696
E01847,株式会社エヌエフホールディングス,電気機器,8020001019674
E01849,アイホン株式会社,電気機器,9180001021408
E01850,アイコム株式会社,電気機器,1120001019349
E01855,株式会社北海電工,建設業,7430001021532
E01856,コーセル株式会社,電気機器,7230001000928
E01857,原田工業株式会社,電気機器,9010701008191
E01859,大井電気株式会社,電気機器,2020001019746
E01864,株式会社多摩川ホールディングス,電気機器,2021001027482
E01867,アライドテレシスホールディングス株式会社,電気機器,4010701012116
E01870,ｓａｎｔｅｃ　Ｈｏｌｄｉｎｇｓ株式会社,電気機器,9180001075866
E01873,セイコーエプソン株式会社,電気機器,4011101010841
E01874,サクサ株式会社,電気機器,2010401060020
E01875,株式会社メディアリンクス,電気機器,4020001067149
E01878,横河電機株式会社,電気機器,4012401012569
E01879,アズビル株式会社,電気機器,9010001096367
E01880,スタンレー電気株式会社,電気機器,2013201003041
E01884,東芝テック株式会社,電気機器,8010701016022
E01885,澤藤電機株式会社,電気機器,9070001022508
E01887,新電元工業株式会社,電気機器,5010001008697
E01888,日東電工株式会社,化学,2120901001628
E01891,大黒屋ホールディングス株式会社,電気機器,1010401034636
E01892,株式会社デンソー,輸送用機器,9180301014251
E01896,ＦＤＫ株式会社,電気機器,3010401026846
E01897,電気興業株式会社,電気機器,4010001008723
E01898,株式会社東海理化電機製作所,輸送用機器,5180001081083
E01899,株式会社指月電機製作所,電気機器,9140001069021
E01901,株式会社堀場製作所,電気機器,1130001011676
E01902,ＫＯＡ株式会社,電気機器,1100001020696
E01903,日本光電工業株式会社,電気機器,2011101016254
E01904,ニチコン株式会社,電気機器,2130001022029
E01905,日本電子株式会社,電気機器,9012801002438
E01906,株式会社日本抵抗器製作所,電気機器,9230001008820
E01907,日本タングステン株式会社,電気機器,7290001015268
E01909,ＣＫＤ株式会社,機械,6180001075968
E01912,森尾電機株式会社,電気機器,5011801004902
E01913,サンデン株式会社,機械,5070001013386
E01914,株式会社村田製作所,電気機器,4130001030475
E01916,株式会社リード,輸送用機器,9030001085467
E01920,株式会社マキタ,機械,2180301013342
E01921,株式会社共和電業,電気機器,6012401007567
E01926,日本ケミコン株式会社,電気機器,7010701015586
E01928,岡谷電機産業株式会社,電気機器,1010901002423
E01929,ウシオ電機株式会社,電気機器,1010001008651
E01930,西部電機株式会社,機械,2290001036343
E01932,ティアック株式会社,電気機器,7013401005312
E01933,松尾電機株式会社,電気機器,6120901025697
E01935,カシオ計算機株式会社,電気機器,4011001030015
E01939,ヒロセ電機株式会社,電気機器,6010701008418
E01940,株式会社中央製作所,電気機器,8180001010551
E01944,マブチモーター株式会社,電気機器,2040001036954
E01946,ファナック株式会社,電気機器,3090001010053
E01947,マクセル株式会社,電気機器,9120901001761
E01950,株式会社アドバンテスト,電気機器,9011601000379
E01951,ＩＤＥＣ株式会社,電気機器,6120001053789
E01952,株式会社大真空,電気機器,7140001043110
E01953,ローム株式会社,電気機器,9130001000052
E01954,株式会社サンコー,電気機器,8100001015608
E01955,浜松ホトニクス株式会社,電気機器,2080401004193
E01956,コナミグループ株式会社,情報・通信業,9010401070789
E01959,日本シイエムケイ株式会社,電気機器,6011101016382
E01961,大和冷機工業株式会社,機械,9120001083783
E01966,株式会社図研,電気機器,2020001008807
E01967,株式会社キーエンス,電気機器,4120001051530
E01968,日本アビオニクス株式会社,電気機器,5010701017733
E01971,スミダコーポレーション株式会社,電気機器,8010001064093
E01974,ＮＫＫスイッチズ株式会社,電気機器,1020001066839
E01975,ニデック株式会社,電気機器,9130001002387
E01977,ミナトホールディングス株式会社,電気機器,9020001009369
E01978,株式会社ソフィアホールディングス,情報・通信業,9011101054751
E01979,山一電機株式会社,電気機器,4010801012065
E01981,ＮＩＴＴＯＫＵ株式会社,機械,9030001006415
E01984,星和電機株式会社,電気機器,1130001038463
E01986,株式会社遠藤照明,電気機器,3120001041581
E01987,伊豆シャボテンリゾート株式会社,サービス業,2010401089522
E01988,日本セラミック株式会社,電気機器,2270001000573
E01989,株式会社エノモト,電気機器,5090001008079
E01991,レーザーテック株式会社,電気機器,1020001022180
E01992,ケル株式会社,電気機器,6013401001080
E01993,株式会社アバールデータ,電気機器,6012301000127
E01995,千代田インテグレ株式会社,電気機器,5010001050385
E01997,助川電気工業株式会社,精密機器,6050001023279
E01998,オプテックスグループ株式会社,電気機器,1160001000321
E01999,日置電機株式会社,電気機器,6100001010247
E02002,未来工業株式会社,化学,3200001014926
E02004,菊水ホールディングス株式会社,電気機器,2020001019928
E02005,リーダー電子株式会社,電気機器,8020001022174
E02006,ガリレイ株式会社,機械,9120001050544
E02007,不二電機工業株式会社,電気機器,9130001022352
E02008,ワイエイシイホールディングス株式会社,機械,3012801002666
E02009,イリソ電子工業株式会社,電気機器,1020001053696
E02011,株式会社ナ・デックス,卸売業,5180001039239
E02012,三相電機株式会社,電気機器,5140001059091
E02013,ＡＳＴＩ株式会社,電気機器,2080401000184
E02015,シスメックス株式会社,電気機器,9140001009530
E02016,トミタ電機株式会社,電気機器,1270001000483
E02017,株式会社ツインバード,電気機器,7110001015665
E02020,日本フェンオール株式会社,電気機器,5010001033646
E02021,パルステック工業株式会社,電気機器,5080401004455
E02024,株式会社フェローテック,電気機器,1010001075980
E02025,株式会社高見沢サイバネティックス,機械,7011201003197
E02027,新コスモス電機株式会社,電気機器,3120001056043
E02028,東洋電機株式会社,電気機器,2180001074585
E02030,株式会社日本マイクロニクス,電気機器,5012401011628
E02039,協立電機株式会社,電気機器,6080001001232
E02040,ＯＢＡＲＡ　ＧＲＯＵＰ株式会社,電気機器,9021001027278
E02042,株式会社メガチップス,電気機器,9120001058777
E02043,日本電子材料株式会社,電気機器,1140001050335
E02045,株式会社ＡＫＩＢＡホールディングス,電気機器,9010001101820
E02046,株式会社アルメディオ,その他製品,1012701001142
E02047,株式会社石井表記,機械,4240001029432
E02048,株式会社京写,電気機器,6130001033352
E02049,株式会社テセック,機械,5012801003522
E02051,アオイ電子株式会社,電気機器,3470001000263
E02055,名古屋電機工業株式会社,電気機器,7180001020428
E02056,株式会社メイコー,電気機器,3021001027639
E02057,株式会社ＲＶＨ,電気機器,5020001030519
E02058,株式会社鈴木,電気機器,4100001005587
E02059,株式会社ワコム,電気機器,8030001033121
E02060,サムコ　株式会社,機械,4130001014511
E02062,ザインエレクトロニクス株式会社,電気機器,1010001044837
E02065,株式会社ＯＳＧコーポレーション,電気機器,3120001061514
E02066,エレコム株式会社,電気機器,5120001094974
E02069,ＥＩＺＯ株式会社,電気機器,8220001009300
E02070,サン電子株式会社,電気機器,5180001087444
E02072,株式会社ニューテック,電気機器,4010401039731
E02073,ダイコク電機株式会社,機械,4180001048892
E02075,株式会社ピクセラ,電気機器,6120001106530
E02076,ヘリオス　テクノ　ホールディング株式会社,電気機器,5140001059001
E02077,株式会社アクセル,電気機器,9010001072343
E02081,ルネサスエレクトロニクス株式会社,電気機器,8020001075701
E02083,ウインテスト株式会社,電気機器,3020001025396
E02086,株式会社バッファロー,電気機器,6180001048602
E02089,株式会社　ジーエス・ユアサ　コーポレーション,電気機器,6130001025374
E02090,株式会社ＭＣＪ,電気機器,9030001052005
E02092,株式会社アドテックプラズマテクノロジー,電気機器,2240001029764
E02093,リバーエレテック株式会社,電気機器,4090001011240
E02095,株式会社オプトエレクトロニクス,電気機器,1030001020927
E02096,アビックス株式会社,その他製品,5020001005867
E02097,太洋テクノレックス株式会社,電気機器,9170001002004
E02100,株式会社ユビテック,電気機器,9010701021368
E02103,株式会社ＳＵＭＣＯ,金属製品,3010401046159
E02105,レシップホールディングス株式会社,輸送用機器,7200001010392
E02109,シライ電子工業株式会社,電気機器,1130001001041
E02114,株式会社ミマキエンジニアリング,電気機器,5100001010883
E02116,株式会社大日光・エンジニアリング,電気機器,4060001008446
E02120,株式会社ＣＧＳホールディングス,電気機器,4010701025183
E02121,株式会社山王,金属製品,3020001020348
E02123,株式会社三井Ｅ＆Ｓ,機械,9010001034946
E02124,カナデビア株式会社,機械,3120001031541
E02126,三菱重工業株式会社,機械,8010401050387
E02127,川崎重工業株式会社,輸送用機器,1140001005719
E02128,株式会社ＩＨＩ,機械,4010601031604
E02129,株式会社名村造船所,輸送用機器,5120001046100
E02131,内海造船株式会社,輸送用機器,9240001038924
E02134,日本車輌製造株式会社,輸送用機器,4180001022575
E02136,三菱ロジスネクスト株式会社,輸送用機器,3130001030352
E02138,近畿車輛株式会社,輸送用機器,5122001001729
E02140,株式会社小糸製作所,電気機器,1010401009745
E02142,日産自動車株式会社,輸送用機器,9020001031109
E02143,いすゞ自動車株式会社,輸送用機器,5010701000904
E02144,トヨタ自動車株式会社,輸送用機器,1180301018771
E02146,日野自動車株式会社,輸送用機器,8013401000626
E02147,カヤバ株式会社,輸送用機器,8010401007296
E02150,日産車体株式会社,輸送用機器,3021001037076
E02152,株式会社ＳＵＢＡＲＵ,輸送用機器,5011101019196
E02154,プレス工業株式会社,輸送用機器,5020001074318
E02155,株式会社ティラド,輸送用機器,3011001015719
E02158,東京ラヂエーター製造株式会社,輸送用機器,6021001002556
E02161,曙ブレーキ工業株式会社,輸送用機器,8010001034724
E02162,愛三工業株式会社,輸送用機器,1180001092357
E02163,マツダ株式会社,輸送用機器,3240001036223
E02166,本田技研工業株式会社,輸送用機器,6010401027577
E02167,スズキ株式会社,輸送用機器,8080401002431
E02168,ヤマハ発動機株式会社,輸送用機器,2080401016040
E02170,極東開発工業株式会社,輸送用機器,7140001068512
E02171,株式会社ニッキ,輸送用機器,2021001020256
E02172,株式会社ミクニ,輸送用機器,1010001008791
E02173,日本ギア工業株式会社,機械,3021001001619
E02174,河西工業株式会社,輸送用機器,5021001006269
E02175,大同メタル工業株式会社,輸送用機器,1180001012595
E02176,ＮＯＫ株式会社,輸送用機器,1010401004837
E02177,市光工業株式会社,電気機器,9021001035727
E02178,太平洋工業株式会社,輸送用機器,7200001013874
E02180,株式会社　ヤマダコーポレーション,機械,9010801012135
E02183,株式会社ユニバンス,輸送用機器,2080401006066
E02185,株式会社メタルアート,鉄鋼,9160001013183
E02189,株式会社ＮＩＴＴＡＮ,輸送用機器,3021001022920
E02194,ユニプレス株式会社,輸送用機器,7020001045218
E02195,フタバ産業株式会社,輸送用機器,3180301001916
E02199,大豊工業株式会社,機械,7180301018584
E02201,株式会社ＴＢＫ,輸送用機器,5012301001794
E02203,株式会社エクセディ,輸送用機器,1120001147463
E02204,株式会社ハイレックスコーポレーション,輸送用機器,1140001081875
E02205,株式会社ミツバ,電気機器,1070001016632
E02210,株式会社タチエス,輸送用機器,6012801002309
E02213,三菱自動車工業株式会社,輸送用機器,7010401029044
E02214,日本精機株式会社,輸送用機器,3110001023135
E02216,日本プラスト株式会社,輸送用機器,2080101012372
E02217,株式会社村上開明堂,輸送用機器,3080001005194
E02219,株式会社ヨロズ,輸送用機器,7020001030517
E02221,株式会社エフ・シー・シー,輸送用機器,5080401010065
E02222,株式会社エイチワン,金属製品,3030001011684
E02223,株式会社カーメイト,輸送用機器,3013301021082
E02225,フジオーゼックス株式会社,輸送用機器,4080401014950
E02226,株式会社イクヨ,輸送用機器,9021001023731
E02227,株式会社安永,輸送用機器,1190001008733
E02228,株式会社ジーテクト,金属製品,9030001023377
E02229,株式会社エフテック,輸送用機器,6030001031085
E02231,株式会社今仙電機製作所,輸送用機器,1180001080700
E02232,エイケン工業株式会社,輸送用機器,7080401014989
E02233,アスカ株式会社,輸送用機器,1180301013673
E02234,株式会社ムロコーポレーション,輸送用機器,7010901011914
E02236,株式会社ユタカ技研,輸送用機器,8080401005665
E02237,武蔵精密工業株式会社,輸送用機器,6180301007357
E02238,株式会社エッチ・ケー・エス,輸送用機器,7080101011279
E02241,田中精密工業株式会社,輸送用機器,6230001001654
E02242,株式会社テイン,輸送用機器,1020001033780
E02245,株式会社アルファ,金属製品,1020001005862
E02246,株式会社ファルテック,輸送用機器,2020001077174
E02247,ＧＭＢ株式会社,輸送用機器,2150001011467
E02248,株式会社カネミツ,輸送用機器,8140001034728
E02252,新明和工業株式会社,輸送用機器,7140001082323
E02257,株式会社シマノ,輸送用機器,3120101003399
E02258,新家工業株式会社,鉄鋼,4120001077344
E02265,株式会社　島津製作所,精密機器,6130001021068
E02266,東京計器株式会社,精密機器,3010801008436
E02267,愛知時計電機株式会社,精密機器,3180001021396
E02269,黒田精工株式会社,機械,7020001070810
E02270,株式会社オーバル,精密機器,4011101003936
E02271,株式会社ニコン,精密機器,5010001008763
E02272,オリンパス株式会社,精密機器,5011001005222
E02274,キヤノン株式会社,電気機器,6010801003186
E02275,株式会社リコー,電気機器,2010801012579
E02280,セイコーグループ株式会社,精密機器,9010001034797
E02281,シチズン時計株式会社,精密機器,5012701004744
E02285,理研計器株式会社,精密機器,3011401006846
E02286,株式会社チノー,電気機器,9011401004118
E02288,株式会社ＳＣＲＥＥＮホールディングス,電気機器,6130001003272
E02289,株式会社東京精密,精密機器,5010101009430
E02293,株式会社三井ハイテック,電気機器,6290801010667
E02294,リズム株式会社,精密機器,9030001010524
E02296,日東精工株式会社,金属製品,2130001041813
E02301,キヤノン電子株式会社,電気機器,7030001090700
E02302,スター精密株式会社,機械,9080001002327
E02303,株式会社ジェイ・エム・エス（称号　株式会社　ＪＭＳ）,精密機器,5240001004384
E02304,フクダ電子株式会社,電気機器,7010001006880
E02305,ＭＵＴＯＨホールディングス株式会社,電気機器,7010701019406
E02306,株式会社小野測器,電気機器,1020001001886
E02307,エスペック株式会社,電気機器,7120001059661
E02308,株式会社タムロン,精密機器,5030001011204
E02322,ノーリツ鋼機株式会社,精密機器,9170001002607
E02323,シグマ光機株式会社,精密機器,8030001089741
E02324,アクモス株式会社,情報・通信業,8010001009651
E02325,日本精密株式会社,精密機器,6030001076535
E02328,ローツェ株式会社,機械,9240001029584
E02329,長野計器株式会社,精密機器,7010801008721
E02331,株式会社ナカニシ,精密機器,1060001010545
E02333,株式会社日本トリム,電気機器,8120001072952
E02334,株式会社ブイ・テクノロジー,精密機器,3020001043968
E02335,国際計測器株式会社,精密機器,3013401001100
E02336,株式会社インターアクション,精密機器,8020001005906
E02337,クボテック株式会社,精密機器,8120001063299
E02338,プレシジョン・システム・サイエンス株式会社,精密機器,9040001037483
E02340,マニー株式会社,精密機器,4060001005922
E02342,株式会社アルチザネットワークス,電気機器,2012801000217
E02343,株式会社エーワン精密,機械,5012401000218
E02344,株式会社Ａ＆Ｄホロンホールディングス,精密機器,5013301001710
E02345,株式会社テクノメディカ,電気機器,4020001032202
E02346,株式会社エスケーエレクトロニクス,電気機器,4130001023818
E02348,フジプレアム株式会社,化学,7140001061401
E02349,朝日インテック株式会社,精密機器,8180001049706
E02350,タツモ株式会社,機械,6260001018266
E02352,ＩＭＶ株式会社,精密機器,3120001059756
E02354,メディキット株式会社,精密機器,9010001007828
E02356,インスペック株式会社,電気機器,7410001008548
E02357,株式会社ジャパン・ティッシュエンジニアリング,精密機器,4180301011063
E02362,ヤマハ株式会社,その他製品,3080401005595
E02363,株式会社河合楽器製作所,その他製品,2080401001323
E02365,セーラー万年筆株式会社,その他製品,9010601024727
E02366,三菱鉛筆株式会社,その他製品,6010701009457
E02367,任天堂株式会社,その他製品,1130001011420
E02369,株式会社オカムラ,その他製品,3020001030157
E02371,株式会社イトーキ,その他製品,9120001014301
E02372,株式会社くろがね工作所,その他製品,8120001042947
E02373,タカラスタンダード株式会社,その他製品,5120001015344
E02376,株式会社ミロク,その他製品,6490001006215
E02377,マミヤ・オーピー株式会社,機械,7010701022392
E02378,株式会社アシックス,その他製品,8140001005877
E02379,株式会社ノーリツ,金属製品,6140001010383
E02380,テイ・エス　テック株式会社,輸送用機器,8030001044928
E02381,マックス株式会社,機械,2010001057739
E02382,グローブライド株式会社,その他製品,5012701003630
E02383,株式会社　重松製作所,その他製品,6011501017030
E02385,ネポン株式会社,金属製品,7011001018214
E02386,株式会社ニフコ,化学,5020001007855
E02387,盟和産業株式会社,輸送用機器,9021001020555
E02388,信越ポリマー株式会社,化学,4010001034802
E02389,立川ブラインド工業株式会社,金属製品,4010401017209
E02390,株式会社エンプラス,電気機器,5030001074060
E02394,リンテック株式会社,その他製品,7011401006867
E02395,象印マホービン株式会社,電気機器,5120001059655
E02396,興研株式会社,その他製品,3010001016132
E02398,株式会社キングジム,その他製品,8010001014924
E02402,フジコピアン株式会社,その他製品,8120001050578
E02403,株式会社平和,機械,3010501026647
E02404,ピジョン株式会社,その他製品,8010001027298
E02406,クリナップ株式会社,その他製品,6011501006231
E02407,日本デコラックス株式会社,化学,8180001081246
E02408,小松ウオール工業株式会社,その他製品,9220001011932
E02409,エムケー精工株式会社,金属製品,2100001006100
E02410,理想科学工業株式会社,機械,9010401031452
E02411,株式会社ニレコ,電気機器,5010101003020
E02412,株式会社エフピコ,化学,5240001029984
E02414,株式会社シード,精密機器,7010001003408
E02415,ニチハ株式会社,ガラス・土石製品,4180001007155
E02416,クリエートメディック株式会社,精密機器,7020001008505
E02417,株式会社カプコン,情報・通信業,3120001077023
E02419,株式会社三共,機械,3011001057538
E02421,日本エアーテック株式会社,機械,5010501009996
E02423,ＺＡＣＲＯＳ株式会社,化学,6011101056965
E02424,株式会社マースグループホールディングス,機械,7011101019888
E02425,株式会社きもと,化学,9011101005242
E02427,ヨネックス株式会社,その他製品,4010001008228
E02428,株式会社ソノコム,その他製品,5013201003278
E02431,ジオマテック株式会社,電気機器,1020001015003
E02435,タカノ株式会社,その他製品,8100001021275
E02438,株式会社マルゼン,金属製品,3010501014528
E02439,株式会社光・彩,その他製品,8090001004562
E02441,永大化工株式会社,化学,1120001019704
E02442,トーソー株式会社,金属製品,6010001052315
E02444,レック株式会社,化学,7010001128155
E02445,株式会社フジマック,金属製品,3010401026945
E02447,株式会社ナンシン,輸送用機器,1010001053053
E02448,シンポ株式会社,金属製品,8180001002144
E02450,株式会社タカラトミー,その他製品,8011801003488
E02452,株式会社ユニバーサルエンターテインメント,機械,6010601025422
E02453,エイベックス株式会社,情報・通信業,7010401004245
E02458,東映アニメーション株式会社,情報・通信業,8011601004645
E02459,カワセコンピュータサプライ株式会社,その他製品,2120001077131
E02462,不二精機株式会社,機械,3120001018670
E02464,株式会社グラファイトデザイン,その他製品,1030001090714
E02466,株式会社パイロットコーポレーション,その他製品,9010001077045
E02467,株式会社マーベラス,情報・通信業,3010701022537
E02469,ゼネラルパッカー株式会社,機械,6180001045896
E02470,株式会社ＳＨＯＥＩ,その他製品,5010501005434
E02472,フランスベッドホールディングス株式会社,その他製品,6011101037016
E02474,タカラバイオ株式会社,化学,1160001002490
E02475,セガサミーホールディングス株式会社,機械,9010401055278
E02477,ミライアル株式会社,化学,4013301002222
E02478,ミクロン精密株式会社,機械,1390001001841
E02480,株式会社ＩＧポート,情報・通信業,5012401001942
E02481,株式会社バンダイナムコホールディングス,その他製品,5010701022329
E02483,クラスターテクノロジー株式会社,化学,4122001002199
E02484,株式会社ファーマフーズ,食料品,5130001011549
E02485,株式会社フルヤ金属,その他製品,8013301010956
E02488,株式会社藤商事,機械,6120001099576
E02489,株式会社日本一ソフトウェア,情報・通信業,3200001007491
E02490,株式会社　トリケミカル研究所,化学,2090001008148
E02491,株式会社三ツ知,金属製品,9180001001260
E02492,前田工繊株式会社,その他製品,6210001003710
E02493,日創グループ株式会社,金属製品,1290001018169
E02494,株式会社ニックス,化学,2020001028152
E02497,伊藤忠商事株式会社,卸売業,7120001077358
E02498,丸紅株式会社,卸売業,9010001008776
E02501,高島株式会社,卸売業,3010001034860
E02503,極東貿易株式会社,卸売業,2010001014327
E02505,豊田通商株式会社,卸売業,6180001031731
E02506,兼松株式会社,卸売業,7140001005647
E02509,蝶理株式会社,卸売業,3120001077485
E02510,日本紙パルプ商事株式会社,卸売業,1010001034978
E02512,西華産業株式会社,卸売業,6010001008696
E02513,三井物産株式会社,卸売業,1010001008767
E02515,株式会社内田洋行,卸売業,1010001034730
E02516,ＫＰＰグループホールディングス株式会社,卸売業,9010001048806
E02517,稲畑産業株式会社,卸売業,4120001077360
E02518,株式会社ＲＹＯＤＥＮ,卸売業,8013301012440
E02522,神鋼商事株式会社,卸売業,5120001077442
E02525,株式会社ＹＵＡＳＡ,卸売業,5010001034958
E02527,東京産業株式会社,卸売業,6010001008820
E02528,住友商事株式会社,卸売業,1010001008692
E02529,三菱商事株式会社,卸売業,5010001008771
E02530,ＯＵＧホールディングス株式会社,卸売業,2120001036970
E02534,三共生興株式会社,卸売業,6140001007875
E02535,佐藤商事株式会社,卸売業,8010001034807
E02542,神栄株式会社,卸売業,4140001008108
E02544,日産東京販売ホールディングス株式会社,小売業,4010701012495
E02547,ラサ商事株式会社,卸売業,7010001060127
E02548,三洋貿易株式会社,卸売業,2010001017016
E02549,株式会社ＧＳＩクレオス,卸売業,3010001008666
E02552,長瀬産業株式会社,卸売業,4120001049021
E02553,岡谷鋼機株式会社,卸売業,7180001034964
E02554,阪和興業株式会社,卸売業,8120001077530
E02560,株式会社山善,卸売業,1120001049040
E02561,株式会社カノークス,卸売業,7180001025105
E02563,明和産業株式会社,卸売業,7010001008786
E02566,中央魚類株式会社,卸売業,5010001034859
E02567,岩谷産業株式会社,卸売業,8120001077357
E02569,株式会社弘電社,建設業,3010001034778
E02570,トルク株式会社,卸売業,7120001048994
E02571,築地魚市場株式会社,卸売業,4010001034876
E02572,椿本興業株式会社,卸売業,4120001059664
E02574,スターゼン株式会社,卸売業,9010401015760
E02576,横浜冷凍株式会社,卸売業,1020001030638
E02578,第一実業株式会社,卸売業,5010001008714
E02579,ナラサキ産業株式会社,卸売業,2430001035966
E02580,株式会社カナデン,卸売業,7010401007116
E02584,ナイス株式会社,卸売業,2020001037946
E02585,アステナホールディングス株式会社,卸売業,9010001034748
E02588,株式会社ツカモトコーポレーション,卸売業,2010001034878
E02602,三谷商事株式会社,卸売業,7210001004022
E02604,株式会社ライオン事務器,卸売業,1122001014313
E02608,東邦ホールディングス株式会社,卸売業,4010901008153
E02610,クワザワホールディングス株式会社,卸売業,9430001005194
E02611,ＢＩＰＲＯＧＹ株式会社,情報・通信業,2010601029542
E02615,横浜丸魚株式会社,卸売業,8020001024889
E02616,丸藤シートパイル株式会社,卸売業,2010001034944
E02618,株式会社ワキタ,卸売業,5120001048550
E02621,株式会社ヨンドシーホールディングス,卸売業,3010701025184
E02627,Ｂｉｔｃｏｉｎ　Ｊａｐａｎ株式会社,卸売業,1010001034953
E02632,株式会社メディパルホールディングス,卸売業,5010001068510
E02635,ソーダニッカ株式会社,卸売業,9010001048574
E02639,ムーンバット株式会社,卸売業,5130001019030
E02642,中央自動車工業株式会社,卸売業,3120001067115
E02643,伊藤忠エネクス株式会社,卸売業,9010401078551
E02644,キヤノンマーケティングジャパン株式会社,卸売業,5010401008297
E02646,中部水産株式会社,卸売業,3180001022262
E02647,株式会社三栄コーポレーション,卸売業,1010501004662
E02650,川辺株式会社,卸売業,5011101004900
E02652,東京エレクトロン株式会社,電気機器,4010401020757
E02655,株式会社サンリオ,卸売業,5010701003956
E02656,サンワテクノス株式会社,卸売業,5010001045369
E02658,三京化成株式会社,卸売業,8120001080385
E02660,株式会社ナガホリ,卸売業,9010501010760
E02664,新光商事株式会社,卸売業,3010701019351
E02665,株式会社トーホー,卸売業,1140001002071
E02666,株式会社デンキョーグループホールディングス,卸売業,7120001039110
E02668,株式会社トミタ,卸売業,8010001052494
E02671,三信電気株式会社,卸売業,1010401012096
E02672,株式会社東陽テクニカ,卸売業,8010001051991
E02673,ソマール株式会社,卸売業,9010001048632
E02675,株式会社モスフードサービス,卸売業,5010701019713
E02676,加賀電子株式会社,卸売業,4010001001752
E02678,株式会社立花エレテック,卸売業,2120001049007
E02681,正栄食品工業株式会社,卸売業,5010001139914
E02682,カメイ株式会社,卸売業,5370001003340
E02683,ＤＡＩＫＯ　ＸＴＥＣＨ株式会社,卸売業,2011101011783
E02684,東海エレクトロニクス株式会社,卸売業,4180001038563
E02686,コニシ株式会社,化学,9120001077414
E02688,ニプロ株式会社,精密機器,8120001068678
E02691,株式会社ＰＡＬＴＡＣ,卸売業,2120001077528
E02692,三谷産業株式会社,卸売業,5220001006845
E02693,株式会社フォーバル,卸売業,4011001025865
E02698,株式会社マルイチ産商,卸売業,5100001003284
E02699,株式会社　理経,卸売業,8011101022577
E02701,トラスコ中山株式会社,卸売業,5120001108073
E02703,モリト株式会社,卸売業,3120001077568
E02706,アークランズ株式会社,小売業,4110001013829
E02708,株式会社パーカーコーポレーション,化学,5010001054386
E02711,株式会社共同紙販ホールディングス,卸売業,3010501032728
E02713,英和株式会社,卸売業,6120001041612
E02714,株式会社ケーユーホールディングス,小売業,9012301000743
E02718,ソレキア株式会社,卸売業,1010801004073
E02719,加藤産業株式会社,卸売業,6140001068331
E02722,北恵株式会社,卸売業,7120001077804
E02724,イノテック株式会社,電気機器,8020001019484
E02727,株式会社　シャルレ,卸売業,6140001008568
E02728,株式会社ＵＥＸ,卸売業,9010701001205
E02729,ＪＢＣＣホールディングス株式会社,情報・通信業,6010801009068
E02732,ＪＫホールディングス株式会社,卸売業,4010601027156
E02735,株式会社イエローハット,卸売業,1010001126172
E02738,株式会社　ストライダーズ,卸売業,5010401094750
E02739,大丸エナウィン株式会社,卸売業,6120001031150
E02740,エムティジェネックス株式会社,不動産業,4010401039616
E02742,泉州電業株式会社,卸売業,2120001066027
E02743,リリカラ株式会社,卸売業,2011101022797
E02745,株式会社日伝,卸売業,8120001077522
E02747,藤井産業株式会社,卸売業,2060001003812
E02749,日本電計株式会社,卸売業,9010501010505
E02752,日邦産業株式会社,卸売業,1120901007832
E02753,株式会社　植松商会,卸売業,1370001002651
E02759,平和紙業株式会社,卸売業,5120001089074
E02760,杉本商事株式会社,卸売業,9120001044397
E02761,因幡電機産業株式会社,卸売業,1120001041352
E02762,太洋物産株式会社,卸売業,5010001049188
E02765,株式会社ヨンキュウ,卸売業,5500001015561
E02767,株式会社ワールド,卸売業,4140001024328
E02769,東テク株式会社,卸売業,2010001051477
E02770,株式会社　ミスミグループ本社,卸売業,6010601006372
E02774,アルテック株式会社,卸売業,6010001142875
E02775,ＫＯＺＯホールディングス株式会社,小売業,6012801009114
E02776,タキヒヨー株式会社,卸売業,7180001037793
E02778,ソフトバンクグループ株式会社,情報・通信業,1010401056795
E02779,蔵王産業株式会社,卸売業,3010601019393
E02780,株式会社スズケン,卸売業,1180001017009
E02782,ジェコス株式会社,卸売業,2010001069981
E02786,株式会社サトー商会,卸売業,7370001005153
E02787,株式会社タカチホ,卸売業,9100001001862
E02791,株式会社創健社,卸売業,1020001023559
E02792,株式会社南陽,卸売業,5290001015146
E02793,佐鳥電機株式会社,卸売業,3010401011559
E02794,東邦レマック株式会社,卸売業,2010001005342
E02797,初穂商事株式会社,卸売業,2180001039869
E02798,株式会社　山大,卸売業,6370301001357
E02801,エコートレーディング株式会社,卸売業,4140001068093
E02802,伯東株式会社,卸売業,7011101017256
E02803,株式会社オータケ,卸売業,9180001029707
E02804,コンドーテック株式会社,卸売業,6120001043369
E02805,中山福株式会社,卸売業,9120001077505
E02806,横浜魚類株式会社,卸売業,5020001030634
E02807,ハリマ共和物産株式会社,卸売業,1140001060846
E02809,ナガイレーベン株式会社,卸売業,5010001025214
E02810,東北化学薬品株式会社,卸売業,5420001009282
E02812,八洲電機株式会社,卸売業,9010401029819
E02813,株式会社Ｍｉｓｕｍｉ,卸売業,4340001004160
E02818,株式会社大水,卸売業,4120001034601
E02821,松田産業株式会社,卸売業,2011101020140
E02823,株式会社キムラ,卸売業,4430001023985
E02824,株式会社第一興商,卸売業,6010701005431
E02825,株式会社ヤギ,卸売業,6120001077581
E02826,株式会社アドヴァン,卸売業,2011001001075
E02827,ＳＰＫ株式会社,卸売業,9120001034407
E02832,アルビス株式会社,小売業,3230001012605
E02833,株式会社鳥羽洋行,卸売業,9010001005600
E02835,アズワン株式会社,卸売業,8120001060544
E02836,ムラキ株式会社,卸売業,6013401005189
E02837,尾家産業株式会社,卸売業,5120001061479
E02838,スズデン株式会社,卸売業,1010001003966
E02839,株式会社シモジマ,卸売業,4010501024971
E02840,株式会社ドウシシャ,卸売業,8120001039126
E02841,サンリン株式会社,卸売業,4100001014423
E02842,小津産業株式会社,卸売業,8010001039269
E02843,株式会社ヤガミ,卸売業,4180001041518
E02845,日新商事株式会社,卸売業,4010401033255
E02847,西川計測株式会社,卸売業,1010401021428
E02848,株式会社ティムコ,卸売業,6010601021421
E02850,株式会社高速,卸売業,4370001005032
E02851,株式会社たけびし,卸売業,1130001001272
E02855,株式会社ムサシ,卸売業,6010001058667
E02856,リックス株式会社,卸売業,5290001017448
E02858,株式会社システムソフト,情報・通信業,7290001017693
E02861,清和中央ホールディングス株式会社,卸売業,2120001044593
E02864,丸文株式会社,卸売業,8010001057337
E02865,株式会社アイナボホールディングス,卸売業,9011801005756
E02869,株式会社ハピネット,卸売業,5010501011416
E02870,株式会社ウェッズ,卸売業,7010801014505
E02871,株式会社大田花き,卸売業,7010801002063
E02875,萬世電機株式会社,卸売業,2120001036483
E02876,株式会社ケー・エフ・シー,金属製品,3120001063188
E02877,株式会社デイトナ,輸送用機器,3080401017525
E02878,株式会社栄電子,卸売業,5010001017343
E02879,橋本総業ホールディングス株式会社,卸売業,9010001054242
E02881,日本ライフライン株式会社,卸売業,2010701020987
E02882,ピープル株式会社,その他製品,8010001055217
E02888,株式会社タカショー,卸売業,2170001005748
E02889,ＶＴホールディングス株式会社,小売業,5180001094556
E02892,株式会社ＩＤＯＭ,卸売業,1010001069520
E02894,株式会社　日本エム・ディ・エム,精密機器,8011101016199
E02895,株式会社レダックス,卸売業,2010601039038
E02896,株式会社進和,卸売業,2180001000574
E02897,株式会社エスケイジャパン,卸売業,9120001075509
E02898,ダイトロン株式会社,卸売業,9120001083156
E02900,シークス株式会社,卸売業,7120001080989
E02902,田中商事株式会社,卸売業,8010701005900
E02903,株式会社ＮａＩＴＯ,卸売業,6011501003393
E02905,株式会社オーハシテクニカ,卸売業,1010401088566
E02909,株式会社アイティフォー,情報・通信業,3010001022865
E02910,杉田エース株式会社,卸売業,3010601011400
E02917,株式会社アスモ,卸売業,9120001030926
E02920,アトムリビンテック株式会社,金属製品,1010501007351
E02922,株式会社イメージワン,卸売業,9011101002149
E02923,タビオ株式会社,卸売業,8120001020754
E02925,株式会社エービーシー・マート,小売業,2011001033515
E02927,高千穂交易株式会社,卸売業,7011101012356
E02928,オルバヘルスケアホールディングス株式会社,卸売業,7260001001915
E02931,伊藤忠食品株式会社,卸売業,2120001077362
E02932,ＹＫＴ株式会社,卸売業,6011001023677
E02934,木徳神糧株式会社,卸売業,4010001040882
E02938,株式会社久世,卸売業,7013301002723
E02946,株式会社トーメンデバイス,卸売業,4010001071688
E02947,株式会社あらた,卸売業,5040001020385
E02952,石光商事株式会社,卸売業,9140001003021
E02953,株式会社テンポスホールディングス,卸売業,5010801007634
E02955,東京エレクトロンデバイス株式会社,卸売業,4020001009043
E02958,双日株式会社,卸売業,5010401049977
E02960,新都ホールディングス株式会社,卸売業,7010601010274
E02962,アルフレッサホールディングス株式会社,卸売業,3010001084757
E02963,アップルインターナショナル株式会社,卸売業,7190001014222
E02964,日本プリメックス株式会社,卸売業,1010801009097
E02967,クロスプラス株式会社,卸売業,1180001025507
E02968,ミタチ産業株式会社,卸売業,9180001041117
E02971,レカム株式会社,卸売業,8010401085763
E02978,株式会社メタプラネット,卸売業,3010401091543
E02979,クリヤマホールディングス株式会社,卸売業,3120001054971
E02980,株式会社アールシーコア,その他製品,8013201007128
E02982,株式会社ｃｏｔｔａ,卸売業,6320201000224
E02986,内外テック株式会社,卸売業,6010901008705
E02988,株式会社バイク王＆カンパニー,卸売業,4011001034569
E02989,株式会社アークコア,卸売業,8011801023775
E02991,コスモ・バイオ株式会社,卸売業,6010601023038
E02992,明治電機工業株式会社,卸売業,6180001033042
E02994,デリカフーズホールディングス株式会社,卸売業,8011801015921
E02995,ケイティケイ株式会社,卸売業,9180001016399
E02997,クリエイト株式会社,卸売業,7120001042923
E02998,アルコニックス株式会社,卸売業,1010401042424
E02999,株式会社神戸物産,卸売業,5140001044630
E03000,株式会社カワサキ,卸売業,5120101042932
E03003,株式会社ほくやく・竹山ホールディングス,卸売業,2430001032501
E03004,株式会社ジェリービーンズグループ,卸売業,9010501001644
E03005,ディーブイエックス株式会社,卸売業,9011601006203
E03006,あいホールディングス株式会社,卸売業,4010001108077
E03007,テクノアルファ株式会社,卸売業,2010701006251
E03013,株式会社髙島屋,小売業,5120001077467
E03017,株式会社松屋,小売業,1010001034945
E03020,エイチ・ツー・オー　リテイリング株式会社,小売業,1120001059683
E03021,株式会社近鉄百貨店,小売業,3120001098201
E03025,株式会社大和,小売業,6220001003957
E03032,株式会社井筒屋,小売業,7290801000329
E03036,美津濃株式会社,その他製品,4120001077559
E03040,株式会社　丸井グループ,小売業,9011201005150
E03041,株式会社クレディセゾン,その他金融業,2013301002884
E03044,株式会社さいか屋,小売業,3020001074170
E03051,日本瓦斯株式会社,小売業,9010001061924
E03052,上新電機株式会社,小売業,9120001038564
E03054,株式会社スクロール,小売業,9080401005367
E03061,イオン株式会社,小売業,6040001003380
E03068,株式会社イズミ,小売業,8240001000777
E03071,株式会社サンゲツ,卸売業,3180001025521
E03072,株式会社ヤマナカ,小売業,8180001018537
E03076,ゼット株式会社,卸売業,6120001023916
E03077,株式会社チヨダ,小売業,1011301004381
E03081,株式会社　平和堂,小売業,3160001008726
E03083,株式会社ライフコーポレーション,小売業,9010001060208
E03087,マックスバリュ東海株式会社,小売業,1080101006499
E03090,ＳＲＳホールディングス株式会社,小売業,4120101022786
E03092,株式会社千趣会,小売業,5120001066081
E03093,株式会社タカキュー,小売業,5011401003916
E03094,株式会社リテールパートナーズ,小売業,1250001002242
E03099,株式会社リンガーハット,小売業,5310001001011
E03101,ラオックスホールディングス株式会社,小売業,7010401099079
E03103,株式会社ミスターマックス・ホールディングス,小売業,3290001004134
E03108,テンアライド株式会社,小売業,3010001051286
E03110,株式会社フレンドリー,小売業,9122001015873
E03116,株式会社ＡＯＫＩホールディングス,小売業,5020001091635
E03118,株式会社フジ,小売業,9500001003505
E03119,株式会社オークワ,小売業,2170001002092
E03120,株式会社コメリ,小売業,9110001002050
E03121,株式会社　木曽路,小売業,9180001008132
E03124,青山商事株式会社,小売業,1240001029674
E03128,株式会社ケーズホールディングス,小売業,6050001000897
E03129,ゼビオホールディングス株式会社,小売業,1380001005620
E03132,株式会社Ｏｌｙｍｐｉｃグループ,小売業,2012801000308
E03133,アクシアル　リテイリング株式会社,小売業,9110001023311
E03134,株式会社はせがわ,小売業,3290001015800
E03137,株式会社しまむら,小売業,6030001004272
E03138,株式会社オートバックスセブン,卸売業,3010601030532
E03139,株式会社ヤマダホールディングス,小売業,4070001011201
E03141,株式会社ジュンテンドー,小売業,5280001005032
E03144,株式会社ニトリホールディングス,小売業,5430001012905
E03145,株式会社グルメ杵屋,小売業,2120001030585
E03146,株式会社天満屋ストア,小売業,5260001004556
E03147,株式会社銀座ルノアール,小売業,6011201015210
E03148,愛眼株式会社,小売業,7120001022594
E03153,株式会社吉野家ホールディングス,小売業,2011501016151
E03160,株式会社　セキド,小売業,6011101056882
E03163,株式会社コックス,小売業,9010001141445
E03164,株式会社松屋フーズホールディングス,小売業,6012401015768
E03166,株式会社マキヤ,小売業,3080101001770
E03169,株式会社テーオーホールディングス,卸売業,1440001001290
E03173,株式会社マミーマートホールディングス,小売業,5030001071058
E03176,株式会社Ｇｅｎｋｉ　Ｇｌｏｂａｌ　Ｄｉｎｉｎｇ　Ｃｏｎｃｅｐｔｓ,小売業,8060001001562
E03178,株式会社サガミホールディングス,小売業,1180001000443
E03179,株式会社カンセキ,小売業,8060001001208
E03180,株式会社ツツミ,その他製品,2030001021115
E03181,株式会社ベリテ,小売業,3020001050312
E03186,株式会社ワットマン,小売業,4020001016394
E03188,ミニストップ株式会社,小売業,4010001030181
E03193,株式会社王将フードサービス,小売業,3130001012441
E03196,株式会社ジョイフル,小売業,3320001001417
E03199,株式会社アークス,小売業,1430001018377
E03202,株式会社ハチバン,小売業,4220001005352
E03207,株式会社バローホールディングス,小売業,5200001023784
E03208,アシードホールディングス株式会社,小売業,1240001029749
E03213,株式会社ショクブン,小売業,5180001000563
E03216,株式会社ベルク,小売業,8030001085963
E03217,株式会社ファーストリテイリング,小売業,9250001000684
E03219,株式会社　セキチュー,小売業,3070001008818
E03221,株式会社文教堂グループホールディングス,小売業,8020001066972
E03223,株式会社大庄,小売業,2010801006663
E03225,株式会社サックスバーホールディングス,小売業,4011801003153
E03226,株式会社サンドラッグ,小売業,1012401000634
E03227,株式会社やまや,小売業,5370001014536
E03228,株式会社ヤマザワ,小売業,9390001002171
E03229,株式会社ベルーナ,小売業,5030001041663
E03231,株式会社アトム,小売業,3180001058182
E03233,株式会社はるやまホールディングス,小売業,1260001005475
E03235,株式会社ノジマ,小売業,4021001013588
E03236,カッパ・クリエイト株式会社,小売業,7030001001979
E03240,株式会社ライトオン,小売業,9050001016214
E03245,株式会社サンデー,小売業,3420001005928
E03248,株式会社　良品計画,小売業,5013301012443
E03249,株式会社パリミキホールディングス,小売業,4010001044198
E03251,セフテック株式会社,卸売業,7010001004224
E03252,株式会社ＣＡＰＩＴＡ,小売業,6010001141167
E03259,株式会社コナカ,小売業,4020001007344
E03264,扶桑電通株式会社,卸売業,6010001055706
E03266,株式会社　ハウス　オブ　ローゼ,小売業,6010401023758
E03267,株式会社Ｇ‐７ホールディングス,小売業,9140001017351
E03268,イオン北海道株式会社,小売業,4430001015958
E03269,アイエーグループ株式会社,小売業,9020001007018
E03270,株式会社コジマ,小売業,2060001001667
E03271,株式会社　ヒマラヤ,小売業,9200001004384
E03272,株式会社マルヨシセンター,小売業,3470001003902
E03273,コーナン商事株式会社,小売業,3120101003135
E03274,株式会社エコス,小売業,8012801001936
E03275,ワタミ株式会社,小売業,4010801012908
E03276,アールビバン株式会社,小売業,7010701024331
E03278,マルシェ株式会社,小売業,2120001013697
E03280,株式会社パン・パシフィック・インターナショナルホールディングス,小売業,7013201016303
E03281,エステールホールディングス株式会社,その他製品,7010401094724
E03283,株式会社柿安本店,食料品,7190001012102
E03286,株式会社スリーエフ,小売業,5020001027135
E03287,株式会社西松屋チェーン,小売業,6140001060486
E03289,株式会社中京医薬品,医薬品,2180001091837
E03291,株式会社ゼンショーホールディングス,小売業,2010401045277
E03293,株式会社幸楽苑,小売業,2380001005074
E03294,株式会社ハークスレイ,小売業,4120001036085
E03295,株式会社安楽亭,小売業,9030001000302
E03296,株式会社ワークマン,小売業,1070001013828
E03299,株式会社ヤマノホールディングス,小売業,4011001030931
E03304,株式会社ニチリョク,小売業,4011301005583
E03305,株式会社サイゼリヤ,小売業,8030001065552
E03306,株式会社かんなん丸,小売業,6030001001831
E03310,株式会社魚力,小売業,4010101000456
E03312,株式会社ポプラ,小売業,9240001010841
E03313,ジーイエット株式会社,小売業,4011301006656
E03314,株式会社　梅の花グループ,小売業,5290001048435
E03316,株式会社ユナイテッドアローズ,小売業,1011001028441
E03317,株式会社オーエムツーネットワーク,小売業,5010401041686
E03318,株式会社ハイデイ日高,小売業,1030001006892
E03319,株式会社テイツー,小売業,7260001004488
E03320,株式会社京都きもの友禅ホールディングス,小売業,7010001040938
E03321,株式会社　コロワイド,小売業,8020001040291
E03324,株式会社うかい,小売業,6010101000462
E03327,株式会社グローバルダイニング,小売業,6010401005715
E03329,株式会社壱番屋,小売業,4180001082132
E03330,株式会社星医療酸器,卸売業,2011801011868
E03331,株式会社ハンズマン,小売業,9350001008222
E03332,白銅株式会社,卸売業,2010001054158
E03333,株式会社ＮＥＷ　ＡＲＴ　ＨＯＬＤＩＮＧＳ,小売業,9010001046693
E03336,株式会社トップカルチャー,小売業,1110001003592
E03340,株式会社ダイイチ,小売業,6460101000896
E03342,株式会社ベルパーク,情報・通信業,7010001028883
E03343,株式会社ＰＬＡＮＴ,小売業,5210001007068
E03344,スギホールディングス株式会社,小売業,9180301013006
E03346,ぷらっとホーム株式会社,電気機器,9010001028709
E03347,株式会社まんだらけ,小売業,4011201005139
E03349,イオン九州株式会社,小売業,6290001017604
E03352,株式会社サンエー,小売業,5360001008803
E03355,株式会社　オートウェーブ,小売業,4040001001139
E03356,株式会社カワチ薬品,小売業,3060001014164
E03358,カネ美食品株式会社,小売業,1180001023411
E03360,夢みつけ隊株式会社,小売業,8011101037559
E03361,株式会社ハードオフコーポレーション,小売業,6110001012853
E03363,アスクル株式会社,小売業,5010601030357
E03365,株式会社魚喜,小売業,7021001002448
E03366,日本マクドナルドホールディングス株式会社,小売業,8011101029028
E03367,株式会社ゲオホールディングス,小売業,7180001074052
E03368,株式会社アンドエスティＨＤ,小売業,1050001002254
E03370,株式会社ジーフット,小売業,1180001004741
E03372,株式会社シー・ヴイ・エス・ベイエリア,小売業,6040001029566
E03374,株式会社焼肉坂井ホールディングス,小売業,2370001010224
E03375,くら寿司株式会社,小売業,4120101002846
E03377,株式会社キャンドゥ,小売業,6011101063012
E03379,ぴあ株式会社,サービス業,1011001069980
E03380,株式会社大戸屋ホールディングス,小売業,9012401020674
E03386,株式会社ＩＫホールディングス,小売業,1180001029144
E03387,株式会社パルグループホールディングス,小売業,1120001087503
E03391,株式会社ワッツ,小売業,4120001106103
E03392,フェスタリアホールディングス株式会社,小売業,6310001008798
E03393,株式会社スタジオアリス,サービス業,5120001096533
E03395,株式会社ハローズ,小売業,7240001031724
E03397,北雄ラッキー株式会社,小売業,4430001015181
E03398,株式会社　あみやき亭,小売業,7180001073665
E03399,株式会社エディオン,小売業,3240001041231
E03400,株式会社フジオフードグループ本社,小売業,2120001093715
E03404,株式会社ＳＡＮＫＯ　ＭＡＲＫＥＴＩＮＧ　ＦＯＯＤＳ,小売業,8013301027281
E03405,株式会社エフティグループ,卸売業,7010001089380
E03406,株式会社ひらまつ,小売業,9011001037410
E03407,円谷フィールズホールディングス株式会社,卸売業,2011001042870
E03408,株式会社サーラコーポレーション,小売業,3180301008069
E03409,株式会社ヴィレッジヴァンガードコーポレーション,小売業,7180001067799
E03415,パレモ・ホールディングス株式会社,小売業,4180001086075
E03416,株式会社コメ兵ホールディングス,小売業,2180001036008
E03418,株式会社セリア,小売業,4200001013662
E03421,株式会社ナフコ,小売業,7290801002705
E03422,株式会社カルラ,小売業,9370001017691
E03423,大黒天物産株式会社,小売業,8260001013868
E03424,株式会社ハニーズホールディングス,小売業,5380001013644
E03428,株式会社ワイズテーブルコーポレーション,小売業,6010401054605
E03432,株式会社フライングガーデン,小売業,5060001014864
E03434,株式会社ランシステム,小売業,3030001026708
E03436,東和フードサービス株式会社,小売業,6010401083455
E03439,株式会社あさひ,小売業,7120001006861
E03443,株式会社メディカル一光グループ,小売業,2190001001175
E03446,株式会社コスモス薬品,小売業,9290001025414
E03447,株式会社バッファロー,小売業,1030001076804
E03450,シップヘルスケアホールディングス株式会社,卸売業,9120901006249
E03451,Ｔｒａｉｌｈｅａｄ　Ｇｌｏｂａｌ　Ｈｏｌｄｉｎｇｓ株式会社,小売業,9290801016604
E03454,株式会社トーエル,小売業,2020001021033
E03456,株式会社フジタコーポレーション,小売業,9430001054035
E03457,株式会社関門海,小売業,8120001130719
E03460,株式会社ＺＯＡ,小売業,6080101003228
E03462,株式会社セブン＆アイ・ホールディングス,小売業,1010001095203
E03464,株式会社ツルハホールディングス,小売業,4430001029116
E03465,株式会社パシフィックネット,小売業,5010401054564
E03467,株式会社フェリシモ,小売業,4140001022298
E03468,株式会社トリドールホールディングス,小売業,8140001028201
E03470,株式会社丸千代山岡家,小売業,9430001017223
E03471,株式会社ジンズホールディングス,小売業,7070001001538
E03472,アプライド株式会社,小売業,4290001011410
E03473,株式会社ハブ,小売業,8010001087103
E03474,株式会社ゴルフ・ドゥ,小売業,8030001002794
E03475,株式会社アルペン,小売業,7180001024676
E03476,クオールホールディングス株式会社,小売業,6010401088941
E03478,株式会社ペッパーフードサービス,小売業,7010601023532
E03481,株式会社ビックカメラ,小売業,9013301010402
E03482,株式会社ＴＲＵＣＫ－ＯＮＥ,卸売業,5250001009424
E03485,株式会社東京一番フーズ,小売業,4011101033768
E03487,株式会社三洋堂ホールディングス,小売業,8180001008414
E03489,ＤＣＭホールディングス株式会社,小売業,4010701019160
E03490,株式会社ライフフーズ,小売業,4120901008761
E03492,株式会社インターメスティック,小売業,6011001038675
E03493,株式会社アートネイチャー,その他製品,9011001000392
E03494,ヒラキ株式会社,小売業,9140001017855
E03495,株式会社ジェイグループホールディングス,小売業,8180001050135
E03496,株式会社ＷＤＩ,小売業,8010401022997
E03497,株式会社ＭｏｎｏｔａＲＯ,小売業,6140001054380
E03498,スターシーズ株式会社,小売業,6010001072528
E03500,株式会社ＪＢイレブン,小売業,8180001047370
E03505,ホリイフードサービス株式会社,小売業,2050001002286
E03506,株式会社ストリーム,小売業,5010001065326
E03507,株式会社銚子丸,小売業,1040001001199
E03508,株式会社　ＪＦＬＡホールディングス,小売業,2010401066843
E03509,株式会社ジェーソン,小売業,7040001067160
E03512,株式会社きちりホールディングス,小売業,6120001104237
E03515,株式会社すかいらーくホールディングス,小売業,2010001138365
E03516,Ｊ．フロント　リテイリング株式会社,小売業,5010001111996
E03517,株式会社ブロンコビリー,小売業,8180001013307
E03518,株式会社ドトール・日レスホールディングス,小売業,2011001053983
E03519,株式会社マツキヨココカラ＆カンパニー,小売業,2040001040238
E03520,株式会社トレジャー・ファクトリー,小売業,3011801014408
E03521,株式会社三越伊勢丹ホールディングス,小売業,3011101060499
E03524,株式会社オーシャンシステム,小売業,2110001013962
E03528,株式会社物語コーポレーション,小売業,7180301007414
E03530,株式会社ＳＢＩ新生銀行,銀行業,7010001016855
E03531,株式会社あおぞら銀行,銀行業,9010001016861
E03543,株式会社岩手銀行,銀行業,7400001000423
E03544,株式会社　東北銀行,銀行業,7400001001891
E03545,株式会社七十七銀行,銀行業,1370001003352
E03546,株式会社秋田銀行,銀行業,1410001000221
E03549,株式会社山形銀行,銀行業,5390001002010
E03550,株式会社東邦銀行,銀行業,9380001001018
E03552,株式会社筑波銀行,銀行業,4050001009057
E03554,株式会社　群馬銀行,銀行業,3070001003513
E03555,株式会社武蔵野銀行,銀行業,6030001002490
E03556,株式会社千葉銀行,銀行業,2040001000019
E03557,株式会社千葉興業銀行,銀行業,9040001000020
E03562,株式会社　山梨中央銀行,銀行業,3090001002315
E03563,株式会社八十二長野銀行,銀行業,3100001002833
E03565,株式会社　富山銀行,銀行業,9230001011196
E03567,株式会社福井銀行,銀行業,9210001003641
E03568,株式会社　大垣共立銀行,銀行業,7200001013379
E03571,スルガ銀行株式会社,銀行業,9080101000957
E03572,株式会社清水銀行,銀行業,8080001001858
E03574,株式会社　百五銀行,銀行業,5190001000892
E03575,株式会社滋賀銀行,銀行業,6160001000993
E03580,株式会社南都銀行,銀行業,5150001001622
E03581,株式会社紀陽銀行,銀行業,9170001000916
E03582,株式会社　鳥取銀行,銀行業,2270001000870
E03583,株式会社山陰合同銀行,銀行業,6280001000230
E03587,株式会社阿波銀行,銀行業,5480001000070
E03588,株式会社百十四銀行,銀行業,6470001000203
E03590,株式会社四国銀行,銀行業,7490001000786
E03592,株式会社筑邦銀行,銀行業,6290001049168
E03596,株式会社大分銀行,銀行業,7320001000084
E03597,株式会社宮崎銀行,銀行業,4350001001677
E03599,株式会社佐賀銀行,銀行業,9300001000183
E03602,株式会社琉球銀行,銀行業,6360001000404
E03606,株式会社三菱ＵＦＪフィナンシャル・グループ,銀行業,4010001073486
E03610,株式会社　りそなホールディングス,銀行業,5010601039654
E03611,三井住友トラストグループ株式会社,銀行業,9010001139555
E03614,株式会社三井住友フィナンシャルグループ,銀行業,2010001081053
E03615,株式会社みずほフィナンシャルグループ,銀行業,9010001081419
E03618,株式会社ほくほくフィナンシャルグループ,銀行業,1230001004554
E03621,楽天銀行株式会社,銀行業,5010701022527
E03622,株式会社山口フィナンシャルグループ,銀行業,5250001007270
E03623,株式会社セブン銀行,銀行業,5010001073618
E03624,株式会社ふくおかフィナンシャルグループ,銀行業,9290001028986
E03632,株式会社北洋銀行,銀行業,8430001022711
E03634,株式会社　北日本銀行,銀行業,8400001001882
E03637,株式会社　福島銀行,銀行業,4380001001393
E03639,株式会社　栃木銀行,銀行業,5060001000014
E03640,株式会社東和銀行,銀行業,2070001003514
E03641,株式会社　京葉銀行,銀行業,5040001000008
E03645,株式会社大光銀行,銀行業,5110001022754
E03646,株式会社　富山第一銀行,銀行業,8230001002106
E03652,株式会社　名古屋銀行,銀行業,8180001036398
E03663,株式会社　愛媛銀行,銀行業,2500001000005
E03664,株式会社高知銀行,銀行業,4490001000608
E03669,株式会社　宮崎太陽銀行,銀行業,6350001001824
E03670,株式会社南日本銀行,銀行業,7340001004232
E03673,株式会社豊和銀行,銀行業,3320001002530
E03674,株式会社大東銀行,銀行業,7380001005689
E03678,株式会社トマト銀行,銀行業,7260001006096
E03679,株式会社島根銀行,銀行業,8280001000328
E03688,日本証券金融株式会社,その他金融業,3010001034992
E03693,アコム株式会社,その他金融業,6010001023778
E03695,日本アジア投資株式会社,証券、商品先物取引業,6010001032820
E03716,豊トラスティ証券株式会社,証券、商品先物取引業,6010001059649
E03717,ｕｎｂａｎｋｅｄ株式会社,証券、商品先物取引業,2011001013038
E03721,アイフル株式会社,その他金融業,3130001000082
E03723,株式会社小林洋行,証券、商品先物取引業,5010001043372
E03724,Ｊトラスト株式会社,その他金融業,2010401094729
E03729,信金中央金庫,その他金融業,3010005002392
E03733,株式会社あかつき本社,証券、商品先物取引業,4010001134040
E03739,日産証券グループ株式会社,証券、商品先物取引業,4120001110534
E03740,ａｂｃ株式会社,その他金融業,9010401047481
E03745,北浜キャピタルパートナーズ株式会社,サービス業,4120001048543
E03746,株式会社アサックス,その他金融業,6011001044302
E03752,野村ホールディングス株式会社,証券、商品先物取引業,7010001034881
E03753,株式会社大和証券グループ本社,証券、商品先物取引業,4010001008855
E03756,株式会社岡三証券グループ,証券、商品先物取引業,1010001034747
E03760,丸三証券株式会社,証券、商品先物取引業,1010001057236
E03762,水戸証券株式会社,証券、商品先物取引業,6010001058238
E03763,アイザワ証券グループ株式会社,証券、商品先物取引業,5010001036574
E03764,東海東京フィナンシャル・ホールディングス株式会社,証券、商品先物取引業,1010001034202
E03768,東洋証券株式会社,証券、商品先物取引業,7010001051893
E03770,ＨＳホールディングス株式会社,証券、商品先物取引業,4011101034411
E03772,いちよし証券株式会社,証券、商品先物取引業,7010001036845
E03784,極東証券株式会社,証券、商品先物取引業,2010001041478
E03788,岩井コスモホールディングス株式会社,証券、商品先物取引業,3120001074788
E03792,丸八証券株式会社,証券、商品先物取引業,7180001040756
E03793,光世証券株式会社,証券、商品先物取引業,6120001077409
E03801,ウェルス・マネジメント株式会社,不動産業,9010001096862
E03807,松井証券株式会社,証券、商品先物取引業,2010001057425
E03814,株式会社日本取引所グループ,その他金融業,9120001098575
E03815,マネックスグループ株式会社,証券、商品先物取引業,8010001089066
E03819,トレイダーズホールディングス株式会社,証券、商品先物取引業,5010401039284
E03855,三井不動産株式会社,不動産業,6010001034957
E03856,三菱地所株式会社,不動産業,2010001008774
E03858,平和不動産株式会社,不動産業,1010001034920
E03859,東京建物株式会社,不動産業,6010001034998
E03863,日本空港ビルデング株式会社,不動産業,7010801014496
E03867,京阪神ビルディング株式会社,不動産業,6120001078852
E03907,住友不動産株式会社,不動産業,8011101010739
E03938,株式会社コスモスイニシア,不動産業,2010401094621
E03943,株式会社レオパレス２１,不動産業,3011201000900
E03945,スターツコーポレーション株式会社,不動産業,9010001095583
E03953,フジ住宅株式会社,不動産業,1120101037457
E03958,空港施設株式会社,不動産業,8010801003218
E03967,明和地所株式会社,不動産業,2011001023094
E03969,リゾートトラスト株式会社,サービス業,5180001041871
E03971,株式会社ゴールドクレスト,不動産業,7010001076791
E03977,エスリード株式会社,不動産業,4120001072725
E03984,株式会社日神グループホールディングス,不動産業,9011101015869
E03989,株式会社シーラホールディングス,不動産業,3030001038249
E03991,ＡＭＧホールディングス株式会社,不動産業,7180001049070
E03992,株式会社エスコン,不動産業,8010001067609
E03993,株式会社ＲＥＶＯＬＵＴＩＯＮ,不動産業,8250001006187
E03997,ＭＩＲＡＲＴＨホールディングス株式会社,不動産業,6011101042313
E04008,株式会社エリアクエスト,不動産業,8013201016434
E04011,エリアリンク株式会社,不動産業,4010001124347
E04013,ファースト住建株式会社,不動産業,8140001052787
E04015,株式会社ランド,不動産業,7020001031746
E04018,株式会社　東　祥,サービス業,2180301013169
E04021,トーセイ株式会社,不動産業,8010401064940
E04024,株式会社明豊エンタープライズ,不動産業,1013201016399
E04025,穴吹興産株式会社,不動産業,8470001000424
E04029,和田興産株式会社,不動産業,9140001017079
E04031,サンフロンティア不動産株式会社,不動産業,9010001063953
E04032,株式会社ＦＪネクストホールディングス,不動産業,1011101003369
E04034,グローム・ホールディングス株式会社,不動産業,7012801003743
E04038,株式会社ランドビジネス,不動産業,5010001031955
E04039,株式会社ＡＳＩＡＮ　ＳＴＡＲ,不動産業,3020001016255
E04044,グランディハウス株式会社,不動産業,2060001002178
E04048,株式会社ハウスフリーダム,不動産業,6120101025572
E04049,株式会社誠建設工業,不動産業,6120101003859
E04060,野村不動産ホールディングス株式会社,不動産業,3011101037398
E04064,株式会社プロパスト,不動産業,8010401095795
E04065,セントラル総合開発株式会社,不動産業,7010001021079
E04068,株式会社ウィル,不動産業,2140001081230
E04069,株式会社アーバネットコーポレーション,不動産業,2010001092018
E04072,株式会社ディア・ライフ,不動産業,2010001090418
E04075,株式会社コーセーアールイー,不動産業,9290001007429
E04077,株式会社アールエイジ,不動産業,6010401059587
E04086,株式会社エスポア,不動産業,2180001055214
E04088,小田急電鉄株式会社,陸運業,1011001005060
E04089,京浜急行電鉄株式会社,陸運業,7010401009277
E04090,東急株式会社,陸運業,7011001016291
E04091,京成電鉄株式会社,陸運業,7010601012155
E04092,京王電鉄株式会社,陸運業,3011101005999
E04093,富士急行株式会社,陸運業,4090001009986
E04094,東武鉄道株式会社,陸運業,6010601014508
E04097,相鉄ホールディングス株式会社,陸運業,7020001014874
E04101,名古屋鉄道株式会社,陸運業,8180001031837
E04102,近鉄グループホールディングス株式会社,陸運業,6120001023131
E04103,阪急阪神ホールディングス株式会社,陸運業,2120901019851
E04105,京阪ホールディングス株式会社,陸運業,8120001149503
E04106,株式会社ＮＡＮＫＡＩ,陸運業,6120001077499
E04108,京福電気鉄道株式会社,陸運業,6130001020672
E04109,神戸電鉄株式会社,陸運業,8140001015612
E04110,西日本鉄道株式会社,陸運業,4290001009413
E04123,広島電鉄株式会社,陸運業,9240001009470
E04125,山陽電気鉄道株式会社,陸運業,8140001016148
E04136,秩父鉄道株式会社,陸運業,6030001085016
E04147,東日本旅客鉄道株式会社,陸運業,9011001029597
E04148,西日本旅客鉄道株式会社,陸運業,1120001059675
E04149,東海旅客鉄道株式会社,陸運業,3180001031569
E04153,東京地下鉄株式会社,陸運業,4010501022810
E04154,株式会社西武ホールディングス,陸運業,5013301022087
E04155,新潟交通株式会社,陸運業,7110001003728
E04158,神奈川中央交通株式会社,陸運業,6021001036307
E04159,大和自動車交通株式会社,陸運業,4010601039713
E04160,神姫バス株式会社,陸運業,6140001059289
E04161,北海道中央バス株式会社,陸運業,4430001050451
E04178,丸全昭和運輸株式会社,陸運業,8020001028881
E04179,センコーグループホールディングス株式会社,陸運業,7120001059653
E04182,株式会社丸運,陸運業,5010001141787
E04187,ヤマトホールディングス株式会社,陸運業,7010001034964
E04191,ニッコンホールディングス株式会社,陸運業,7010001035005
E04194,カンダホールディングス株式会社,陸運業,9010001014238
E04195,岡山県貨物運送株式会社,陸運業,4260001001001
E04197,京極運輸商事株式会社,陸運業,6010001040914
E04198,セイノーホールディングス株式会社,陸運業,3200001013795
E04206,日本ロジテム株式会社,陸運業,3010701007868
E04209,遠州トラック株式会社,陸運業,8080401017124
E04213,株式会社キユーソー流通システム,倉庫・運輸関連,7012401007541
E04215,センコン物流株式会社,陸運業,3370801000134
E04217,大宝運輸株式会社,陸運業,2180001037542
E04218,株式会社サカイ引越センター,陸運業,6120101002720
E04220,株式会社ハマキョウレックス,陸運業,1080401004368
E04221,東部ネットワーク株式会社,陸運業,9020001023915
E04222,第一交通産業株式会社,陸運業,6290801002202
E04223,南総通運株式会社,陸運業,6040001057294
E04224,ＳＢＳホールディングス株式会社,陸運業,4010601013288
E04228,株式会社ヒガシホールディングス,陸運業,3120001077535
E04230,株式会社ゼロ,陸運業,4020001079978
E04232,株式会社ロジネットジャパン,陸運業,5430001030460
E04233,三重交通グループホールディングス株式会社,不動産業,3190001003559
E04247,株式会社大運,倉庫・運輸関連,4120001044831
E04283,三菱倉庫株式会社,倉庫・運輸関連,8010001034947
E04284,三井倉庫ホールディングス株式会社,倉庫・運輸関連,2010401046416
E04285,株式会社住友倉庫,倉庫・運輸関連,7120001049002
E04286,澁澤倉庫株式会社,倉庫・運輸関連,6010601038102
E04287,東陽倉庫株式会社,倉庫・運輸関連,5180001031666
E04289,日本トランスシティ株式会社,倉庫・運輸関連,9190001015895
E04290,安田倉庫株式会社,倉庫・運輸関連,6010401029771
E04291,株式会社ヤマタネ,卸売業,2010601007242
E04293,ケイヒン株式会社,倉庫・運輸関連,4010401009239
E04294,株式会社杉村倉庫,倉庫・運輸関連,4120001029155
E04296,丸八倉庫株式会社,倉庫・運輸関連,2010601006194
E04304,株式会社中央倉庫,倉庫・運輸関連,4130001018066
E04317,川西倉庫株式会社,倉庫・運輸関連,9140001012831
E04321,東洋埠頭株式会社,倉庫・運輸関連,7010001034865
E04322,櫻島埠頭株式会社,倉庫・運輸関連,8120001026363
E04323,アサガミ株式会社,倉庫・運輸関連,2010001035562
E04324,山九株式会社,陸運業,7290801005328
E04326,株式会社リンコーコーポレーション,倉庫・運輸関連,3110001005876
E04327,日本石油輸送株式会社,陸運業,3010701012439
E04328,名港海運株式会社,倉庫・運輸関連,6180001007509
E04329,東海運株式会社,倉庫・運輸関連,4010001035123
E04330,伊勢湾海運株式会社,倉庫・運輸関連,3180001006050
E04331,三愛オブリ株式会社,卸売業,2010701003604
E04334,福山通運株式会社,陸運業,1240001032736
E04336,東京汽船株式会社,倉庫・運輸関連,7020001027926
E04337,鈴与シンワート株式会社,倉庫・運輸関連,3010401014925
E04339,伏木海陸運送株式会社,倉庫・運輸関連,4230001010772
E04341,鴻池運輸株式会社,陸運業,5120001079182
E04342,兵機海運株式会社,倉庫・運輸関連,6140001010417
E04345,株式会社上組,倉庫・運輸関連,6140001006951
E04346,トレーディア株式会社,倉庫・運輸関連,3140001009726
E04348,ＫＮＴ－ＣＴホールディングス株式会社,サービス業,6010001008671
E04353,株式会社サンリツ,倉庫・運輸関連,5010401011846
E04354,タカセ株式会社,陸運業,3010401058435
E04356,大東港運株式会社,倉庫・運輸関連,8010401016578
E04357,キムラユニティー株式会社,倉庫・運輸関連,3180001035446
E04358,株式会社エイチ・アイ・エス,サービス業,6011101002696
E04365,株式会社ユーラシア旅行社,サービス業,1010001031554
E04369,株式会社エーアイテイー,倉庫・運輸関連,3120001075217
E04375,株式会社ＴＢＳホールディングス,情報・通信業,5010401020855
E04376,中部日本放送株式会社,情報・通信業,7180001038107
E04380,朝日放送グループホールディングス株式会社,情報・通信業,7120001060033
E04382,株式会社ＲＫＢ毎日ホールディングス,情報・通信業,5290001004941
E04399,株式会社ＢＳＮメディアホールディングス,情報・通信業,5110001004521
E04410,日本テレビホールディングス株式会社,情報・通信業,1010401051458
E04414,株式会社テレビ朝日ホールディングス,情報・通信業,1010401015636
E04425,ＫＤＤＩ株式会社,情報・通信業,9011101031552
E04426,ソフトバンク株式会社,情報・通信業,9010401052465
E04427,株式会社ＷＯＷＯＷ,情報・通信業,7010401022214
E04430,ＮＴＴ株式会社,情報・通信業,7010001065142
E04460,沖縄セルラー電話株式会社,情報・通信業,5360001000413
E04462,株式会社フジ・メディア・ホールディングス,情報・通信業,1010401032433
E04473,日本通信株式会社,情報・通信業,4010701007776
E04476,株式会社フォーバルテレコム,情報・通信業,8010001077624
E04478,スペースシャワーＳＫＩＹＡＫＩホールディングス株式会社,情報・通信業,1010401015149
E04496,株式会社朝日ネット,情報・通信業,9010001035779
E04497,スカパーＪＳＡＴ株式会社,情報・通信業,5010401077210
E04498,東京電力ホールディングス株式会社,電気・ガス業,1010001008825
E04499,関西電力株式会社,電気・ガス業,3120001059632
E04500,北海道電力株式会社,電気・ガス業,4430001022351
E04501,東北電力株式会社,電気・ガス業,4370001011311
E04502,中部電力株式会社,電気・ガス業,3180001017428
E04503,北陸電力株式会社,電気・ガス業,7230001003022
E04504,中国電力株式会社,電気・ガス業,4240001006753
E04505,四国電力株式会社,電気・ガス業,9470001001933
E04506,九州電力株式会社,電気・ガス業,4290001007004
E04509,沖縄電力株式会社,電気・ガス業,3360001008565
E04510,電源開発株式会社,電気・ガス業,6010001050764
E04511,北海道瓦斯株式会社,電気・ガス業,5430001021815
E04514,東京瓦斯株式会社,電気・ガス業,6010401020516
E04515,京葉瓦斯株式会社,電気・ガス業,8040001026108
E04516,静岡ガス株式会社,電気・ガス業,4080001002686
E04517,東邦瓦斯株式会社,電気・ガス業,2180001022387
E04519,北陸瓦斯株式会社,電気・ガス業,5110001004983
E04520,大阪瓦斯株式会社,電気・ガス業,3120001077601
E04521,広島ガス株式会社,電気・ガス業,2240001009205
E04523,西部ガスホールディングス株式会社,電気・ガス業,6290001014048
E04535,株式会社東京會舘,サービス業,5010001008821
E04538,株式会社アゴーラホスピタリティーグループ,サービス業,5010401020095
E04539,株式会社帝国ホテル,サービス業,8010001008711
E04540,株式会社ロイヤルホテル,サービス業,2120001072198
E04550,株式会社京都ホテル,サービス業,6130001023386
E04560,藤田観光株式会社,サービス業,6010001100247
E04566,株式会社ホテル、ニューグランド,サービス業,7020001028858
E04582,松竹株式会社,情報・通信業,6010001034809
E04583,東宝株式会社,情報・通信業,3010001008708
E04585,東映株式会社,情報・通信業,6010001034866
E04589,東京テアトル株式会社,サービス業,3010001035000
E04591,武蔵野興業株式会社,サービス業,8011101042749
E04592,株式会社きんえい,サービス業,1120001005118
E04596,中日本興業株式会社,サービス業,9180001031919
E04599,スバル興業株式会社,サービス業,3010001008699
E04603,東京都競馬株式会社,サービス業,9010001034995
E04606,株式会社歌舞伎座,サービス業,1010001034763
E04609,株式会社御園座,サービス業,5180001041087
E04691,ホウライ株式会社,サービス業,9010001108279
E04693,グリーンランドリゾート株式会社,サービス業,3330001011679
E04704,ＳＤエンターテイメント株式会社,サービス業,6430001008290
E04707,株式会社オリエンタルランド,サービス業,3040001029379
E04710,株式会社ラウンドワン,サービス業,7120101008007
E04727,株式会社　極楽湯ホールディングス,サービス業,5010001063544
E04751,株式会社コシダカホールディングス,サービス業,7070001003674
E04754,株式会社白洋舍,サービス業,4011001018621
E04760,株式会社電通グループ,サービス業,4010401048922
E04762,オリックス株式会社,その他金融業,8010401006942
E04764,株式会社オオバ,サービス業,9013201001170
E04768,株式会社ジャックス,その他金融業,2440001001001
E04773,セコム株式会社,サービス業,6011001035920
E04775,株式会社オリエントコーポレーション,その他金融業,9010001070784
E04777,丸建リース株式会社,卸売業,1010401028415
E04783,ロイヤルホールディングス株式会社,小売業,2290001017525
E04784,株式会社東天紅,小売業,5010501016225
E04788,三菱ＨＣキャピタル株式会社,その他金融業,4010001049866
E04795,いであ株式会社,サービス業,7010901005494
E04796,株式会社学究社,サービス業,6012401003599
E04799,セントラル警備保障株式会社,サービス業,9011101011216
E04800,東海リース株式会社,サービス業,7120001067607
E04801,中道リース株式会社,その他金融業,1430001024094
E04803,株式会社アイネス,情報・通信業,2020001030067
E04804,株式会社メイテックグループホールディングス,サービス業,1180001027412
E04806,ジャフコ　グループ株式会社,証券、商品先物取引業,9010001019930
E04807,株式会社　ＴＫＣ,情報・通信業,5060001002844
E04815,アイエックス・ナレッジ株式会社,情報・通信業,5010401047403
E04816,応用地質株式会社,サービス業,2010001034531
E04817,株式会社船井総研ホールディングス,サービス業,1120001069955
E04821,株式会社九州リースサービス,その他金融業,2290001012609
E04822,株式会社ＮＳＤ,情報・通信業,1011101046616
E04823,株式会社　進学会ホールディングス,サービス業,5430001007277
E04824,株式会社ナガセ,サービス業,9012401011590
E04826,株式会社トーカイ,サービス業,8200001003544
E04835,株式会社乃村工藝社,サービス業,4010401023652
E04837,トランス・コスモス株式会社,サービス業,3011001041302
E04841,ＮＣＳ＆Ａ株式会社,情報・通信業,8120001072787
E04846,株式会社アイ・エス・ビー,情報・通信業,4010701000269
E04848,ニシオホールディングス株式会社,サービス業,8120001086432
E04849,株式会社クレオ,情報・通信業,7010401008436
E04853,株式会社シーイーシー,情報・通信業,9021001026338
E04855,株式会社両毛システムズ,情報・通信業,2070001016771
E04856,株式会社ＫＳＫ,情報・通信業,1013401001845
E04857,東洋テック株式会社,サービス業,8120001039200
E04858,ＫＹＣＯＭホールディングス株式会社,情報・通信業,8210001001027
E04859,株式会社スクウェア・エニックス・ホールディングス,情報・通信業,5011001027704
E04861,株式会社ＤＴＳ,情報・通信業,9010401018458
E04862,株式会社カナモト,サービス業,8430001003991
E04867,株式会社ナガワ,サービス業,7430001056297
E04869,株式会社ビジネスブレイン太田昭和,情報・通信業,3010401088688
E04873,日本プロセス株式会社,情報・通信業,2010401055029
E04877,株式会社ミロク情報サービス,情報・通信業,4011101020774
E04878,株式会社ソラスト,サービス業,3010001032864
E04884,株式会社協和コンサルタンツ,サービス業,2011001006553
E04887,株式会社タナベコンサルティンググループ,サービス業,3120001133750
E04889,株式会社セゾンテクノロジー,情報・通信業,7013301005882
E04890,三協フロンテア株式会社,サービス業,8040001065642
E04894,ピー・シー・エー株式会社,情報・通信業,4010001027327
E04895,燦ホールディングス株式会社,サービス業,6120001079074
E04896,株式会社アインホールディングス,小売業,1430001020787
E04899,株式会社セレスポ,サービス業,9013301006441
E04902,株式会社スペース,サービス業,7010001047784
E04903,株式会社建設技術研究所,サービス業,7010001042703
E04904,株式会社イチネンホールディングス,サービス業,9120001053828
E04908,株式会社共立メンテナンス,サービス業,1010001014427
E04912,イオンフィナンシャルサービス株式会社,その他金融業,2010001010887
E04914,株式会社ラックランド,サービス業,6011101022356
E04916,ウィルソン・ラーニング　ワールドワイド株式会社,サービス業,5010401089759
E04920,旭情報サービス株式会社,情報・通信業,7010001035087
E04925,株式会社ステップ,サービス業,7021001001169
E04926,株式会社ダスキン,サービス業,3120901007178
E04931,株式会社ダイセキ,サービス業,6180001006700
E04932,株式会社ビケンテクノ,サービス業,5120901008067
E04933,福井コンピュータホールディングス株式会社,情報・通信業,8210001002891
E04934,株式会社ナック,サービス業,9011101015480
E04940,株式会社ディーエムエス,サービス業,5010001023358
E04941,株式会社昴,サービス業,7340001002293
E04944,株式会社ハリマビステム,サービス業,6020001024214
E04946,リコーリース株式会社,その他金融業,7010601037788
E04948,株式会社光通信,情報・通信業,9013301019047
E04952,ＮＳＷ株式会社,情報・通信業,1011001017717
E04954,株式会社アルプス技研,サービス業,5020001090389
E04955,オリジナル設計株式会社,サービス業,8011001065098
E04958,株式会社市進ホールディングス,サービス業,2040001025619
E04959,イマジニア株式会社,情報・通信業,4011101002161
E04960,株式会社プラザホールディングス,サービス業,5010001028349
E04964,株式会社サニックスホールディングス,サービス業,6290001001327
E04972,株式会社環境管理センター,サービス業,7013401000164
E04973,日本空調サービス株式会社,サービス業,6180001002699
E04975,株式会社エイジス,サービス業,3040001008325
E04976,株式会社フォーカスシステムズ,情報・通信業,1010701008901
E04978,株式会社アール・エス・シー,サービス業,8013301006491
E04979,パーク二四株式会社（定款上の商号　パーク２４株式会社）,不動産業,6010001115658
E04980,アイサンテクノロジー株式会社,情報・通信業,5180001049428
E04981,株式会社明光ネットワークジャパン,サービス業,5011101055381
E04982,株式会社ファルコホールディングス,サービス業,1130001007154
E04987,川崎地質株式会社,サービス業,7010401037591
E04988,株式会社クレスコ,情報・通信業,7010401008700
E04990,株式会社　田　谷,サービス業,7011001013925
E04991,株式会社　秀英予備校,サービス業,3080001002092
E04995,株式会社菱友システムズ,情報・通信業,3010401031664
E04996,株式会社ジャストシステム,情報・通信業,7480001000861
E04997,ＴＤＣソフト株式会社,情報・通信業,8011001014542
E04999,トレンドマイクロ株式会社,情報・通信業,9011001030704
E05000,ＬＩＮＥヤフー株式会社,情報・通信業,4010401039979
E05001,日本パレットプール株式会社,サービス業,4120001072956
E05011,株式会社クリップコーポレーション,サービス業,7180001005767
E05015,株式会社キタック,サービス業,2110001001637
E05017,株式会社ＩＤホールディングス,情報・通信業,7010001011096
E05018,株式会社アルゴグラフィックス,情報・通信業,7010001062783
E05020,株式会社ＫｅｙＨｏｌｄｅｒ,サービス業,1010001110481
E05024,株式会社　リソー教育グループ,サービス業,2013301009186
E05025,株式会社オービック,情報・通信業,8010001039574
E05027,日本オラクル株式会社,情報・通信業,4010401078085
E05028,株式会社早稲田アカデミー,サービス業,7013301012607
E05029,株式会社アルファシステムズ,情報・通信業,7011001001789
E05030,株式会社城南進学研究社,サービス業,8020001073184
E05033,フューチャー株式会社,情報・通信業,6010701018466
E05036,株式会社ＣＡＣ　Ｈｏｌｄｉｎｇｓ,情報・通信業,1010001019335
E05041,ＧＭＯインターネットグループ株式会社,情報・通信業,6011001029526
E05042,株式会社トーセ,情報・通信業,2130001030304
E05045,株式会社ユー・エス・エス,サービス業,3180001094608
E05047,株式会社リログループ,サービス業,9011101016891
E05048,株式会社オービックビジネスコンサルタント,情報・通信業,6011101003926
E05049,株式会社エムティーアイ,情報・通信業,6011101023123
E05053,株式会社京進,サービス業,1130001017021
E05054,日本ラッド株式会社,情報・通信業,8010401094657
E05055,株式会社エム・エイチ・グループ,サービス業,1011001062515
E05056,株式会社ビー・エム・エル,サービス業,7011001019237
E05062,株式会社野村総合研究所,情報・通信業,4010001054032
E05065,株式会社ニットー,建設業,1180001013107
E05066,株式会社東計電算,情報・通信業,4020001069830
E05070,株式会社ダイサン,サービス業,8120001083116
E05072,株式会社サイバーエージェント,サービス業,4011001034156
E05073,株式会社トスネット,サービス業,3370001005710
E05075,株式会社　昭和システムエンジニアリング,情報・通信業,3010001045552
E05080,楽天グループ株式会社,サービス業,9010701020592
E05083,株式会社アルファ,サービス業,6260001000380
E05088,株式会社ＳＭ　ＥＮＴＥＲＴＡＩＮＭＥＮＴ　ＪＡＰＡＮ,情報・通信業,6010401036776
E05090,株式会社さくらケーシーエス,情報・通信業,3140001007886
E05091,株式会社エックスネット,情報・通信業,1011101049890
E05096,株式会社クリーク・アンド・リバー社,サービス業,1010001101101
E05097,ＳＢＩグローバルアセットマネジメント株式会社,サービス業,9010401049949
E05098,株式会社ピーエイ,サービス業,4010001133026
E05099,株式会社　大塚商会,情報・通信業,1010001012983
E05100,株式会社テー・オー・ダブリュー,サービス業,3010401029287
E05101,株式会社ＩＣ,情報・通信業,3010701001012
E05107,株式会社エフアンドエム,サービス業,9120901005589
E05112,株式会社ベクターホールディングス,小売業,7011101035588
E05114,株式会社ガーラ,情報・通信業,8011001026934
E05116,サイボウズ株式会社,情報・通信業,5010001072207
E05120,ＮＣＤ株式会社,情報・通信業,2010701007869
E05123,ＧＭＯインターネット株式会社,サービス業,1011001032872
E05135,山田コンサルティンググループ株式会社,サービス業,8010001136859
E05137,株式会社トーシンホールディングス,情報・通信業,3180001020233
E05143,オリコン株式会社,情報・通信業,5010401038988
E05145,セントラルスポーツ株式会社,サービス業,5010001048124
E05147,株式会社電通総研,情報・通信業,7010401053829
E05149,バリューコマース株式会社,サービス業,1010401062075
E05151,ネクストウェア株式会社,情報・通信業,3120001086949
E05153,株式会社メンバーズ,サービス業,7010701022764
E05155,株式会社イーエムシステムズ（商号　株式会社ＥＭシステムズ）,情報・通信業,8120001053779
E05156,株式会社デジタルガレージ,情報・通信業,5011001014966
E05159,ＳＢＩホールディングス株式会社,証券、商品先物取引業,6010401045208
E05162,株式会社ウェザーニューズ,情報・通信業,6010401003504
E05163,株式会社ＣＩＪ,情報・通信業,1020001015606
E05167,ビジネスエンジニアリング株式会社,情報・通信業,9010001101119
E05168,株式会社ＡＣＣＥＳＳ,情報・通信業,5010001009662
E05169,日本エンタープライズ株式会社,情報・通信業,3011001033976
E05173,ＪＦＥシステムズ株式会社,情報・通信業,4010601033105
E05175,株式会社Ｄｅｆ　ｃｏｎｓｕｌｔｉｎｇ,サービス業,2020001028342
E05176,キャリアバンク株式会社,サービス業,7430001004883
E05181,株式会社サカイホールディングス,情報・通信業,4180001034595
E05182,株式会社フルキャストホールディングス,サービス業,7010701024604
E05183,株式会社トライアイズ,サービス業,6010001124460
E05187,株式会社スカラ,情報・通信業,4011001027663
E05191,株式会社インテリジェント　ウェイブ,情報・通信業,4010001091991
E05192,エン株式会社,サービス業,1011101029018
E05198,株式会社　ソルクシーズ,情報・通信業,2010401068617
E05199,株式会社ＣＬホールディングス,サービス業,1011001025439
E05201,株式会社アズジェント,情報・通信業,7010001035673
E05204,株式会社ジャストプランニング,情報・通信業,7010801005818
E05205,株式会社プレステージ・インターナショナル,サービス業,1010001089262
E05206,株式会社セプテーニ・ホールディングス,サービス業,6011101024311
E05211,株式会社Ｊストリーム,情報・通信業,4010401089388
E05215,株式会社ハイマックス,情報・通信業,6020001028371
E05219,株式会社アミューズ,サービス業,5011001029386
E05221,株式会社ドリームインキュベータ,サービス業,6010001141902
E05228,株式会社ビーマップ,情報・通信業,2010001094575
E05230,株式会社レイ,サービス業,6010401031785
E05232,株式会社クイック,サービス業,9120001063067
E05233,株式会社ＣＥホールディングス,情報・通信業,8430001003331
E05236,日本システム技術株式会社,情報・通信業,3120001072817
E05238,株式会社センチュリー２１・ジャパン,不動産業,4010401015815
E05239,株式会社インテージホールディングス,情報・通信業,7010001101459
E05241,株式会社ジェイホールディングス,卸売業,2010401083302
E05242,スパークス・グループ株式会社,証券、商品先物取引業,4010701012248
E05248,株式会社テイクアンドギヴ・ニーズ,サービス業,9010701022696
E05252,株式会社東邦システムサイエンス,情報・通信業,5010001005331
E05254,株式会社ユークス,情報・通信業,6120101007645
E05255,ＩＰＳホールディングス株式会社,情報・通信業,3140001005782
E05262,西菱電機株式会社,サービス業,1140001078509
E05264,株式会社イオンファンタジー,サービス業,6040001000485
E05267,株式会社シーティーエス,サービス業,7100001009957
E05268,株式会社ＮＥＸＹＺ．Ｇｒｏｕｐ,サービス業,1011001017948
E05269,ブロードメディア株式会社,サービス業,2010401054419
E05274,株式会社　メディカルシステムネットワーク,小売業,6430001025872
E05275,株式会社山田再生系債権回収総合事務所,サービス業,8020001016168
E05278,株式会社きょくとう,サービス業,7290001012793
E05282,応用技術株式会社,情報・通信業,9120001121031
E05283,株式会社システナ,情報・通信業,6010401088867
E05286,株式会社学情,サービス業,3120001047728
E05288,株式会社ＣＳＳホールディングス,サービス業,2010001072812
E05289,株式会社ドーン,情報・通信業,9140001018622
E05291,株式会社クロスキャット,情報・通信業,5010701002818
E05293,株式会社エプコ,サービス業,4011801000662
E05297,株式会社ソフトフロントホールディングス,情報・通信業,4430001024067
E05299,株式会社ＮＪＳ,サービス業,6011101045308
E05301,アンジェス株式会社,医薬品,6120901013446
E05302,株式会社ｆｏｎｆｕｎ,情報・通信業,6011301016389
E05303,デジタルアーツ株式会社,情報・通信業,3010001096117
E05304,日鉄ソリューションズ株式会社,情報・通信業,9010001045803
E05306,株式会社ＪＰホールディングス,サービス業,2180001043359
E05307,株式会社東北新社,情報・通信業,3010401015790
E05308,株式会社フォーサイド,情報・通信業,9290001059247
E05309,ＡＬＳＯＫ株式会社,サービス業,3010401016070
E05310,株式会社クエスト,情報・通信業,8010401008344
E05312,株式会社キューブシステム,情報・通信業,4010701002678
E05313,株式会社毎日コムネット,不動産業,4010001002115
E05314,いちご株式会社,サービス業,1010001068118
E05315,クオンタムソリューションズ株式会社,情報・通信業,2011101046458
E05316,株式会社アルバイトタイムス,サービス業,8010001084372
E05317,株式会社トランスジェニックグループ,サービス業,9330001006698
E05319,平安レイサービス株式会社,サービス業,4021001037562
E05320,株式会社クシム,情報・通信業,9010001041967
E05322,株式会社エヌアイデイ,情報・通信業,8040001063472
E05324,株式会社ＡＳＪ,情報・通信業,2030001073593
E05325,ビジネス・ワンホールディングス株式会社,不動産業,7290001032412
E05326,シンクレイヤ株式会社,建設業,3180001033524
E05327,日本駐車場開発株式会社,不動産業,8120001093305
E05328,株式会社ＹＥ　ＤＩＧＩＴＡＬ,情報・通信業,7290801010765
E05331,株式会社ＣＡＩＣＡ　ＤＩＧＩＴＡＬ,情報・通信業,7010701017566
E05332,株式会社コア,情報・通信業,4010901003823
E05336,ジョルダン株式会社,情報・通信業,2011101009695
E05340,株式会社情報企画,情報・通信業,9120001043911
E05346,東京センチュリー株式会社,その他金融業,6010401015821
E05348,ＡＩストーム株式会社,情報・通信業,9013201016466
E05350,株式会社カカクコム,サービス業,9011001065997
E05351,株式会社メディネット,サービス業,1020001039274
E05353,株式会社ケア２１,サービス業,5120001101680
E05356,ギグワークス株式会社,サービス業,5011101030772
E05360,日本ファルコム株式会社,情報・通信業,2012801004044
E05361,株式会社ルネサンス,サービス業,3010601020797
E05363,オンコセラピー・サイエンス株式会社,医薬品,1020001077150
E05367,株式会社総医研ホールディングス,サービス業,4120901026508
E05368,ディップ株式会社,サービス業,6010401050785
E05369,株式会社アプリックス,情報・通信業,6011101001194
E05376,株式会社ソフトウェア・サービス,情報・通信業,4120001103331
E05377,明豊ファシリティワークス株式会社,建設業,7010001072436
E05378,株式会社プラネット,サービス業,5010401026654
E05379,ファーマライズホールディングス株式会社,サービス業,5011201003645
E05381,株式会社日本ケアサプライ,サービス業,3010401035013
E05385,株式会社新日本科学,サービス業,9340001000031
E05395,株式会社フォーシーズＨＤ,小売業,7290001032701
E05400,株式会社セック,情報・通信業,1010901026918
E05401,コムシード株式会社,情報・通信業,5010001094481
E05407,株式会社青山財産ネットワークス,不動産業,4010401087540
E05409,株式会社鉄人化ホールディングス,サービス業,5013201010877
E05410,株式会社博報堂ＤＹホールディングス,サービス業,4010401051711
E05411,株式会社ツカダ・グローバルホールディング,サービス業,2011001035049
E05413,サイオス株式会社,情報・通信業,2010401067057
E05414,パラカ株式会社,不動産業,8010401043696
E05416,株式会社ＫＧ情報,サービス業,8470001001397
E05417,ゲンダイエージェンシー株式会社,情報・通信業,8010101001161
E05419,株式会社キャリアデザインセンター,サービス業,8010401008039
E05424,株式会社インタートレード,情報・通信業,3010001080186
E05425,エムスリー株式会社,サービス業,1010401063016
E05426,みずほリース株式会社,その他金融業,3010401094447
E05428,ヒューマンホールディングス株式会社,サービス業,2011101033968
E05432,株式会社フライトソリューションズ,情報・通信業,5011001032786
E05438,芙蓉総合リース株式会社,その他金融業,3010001028689
E05440,株式会社ケアサービス,サービス業,8010801003671
E05443,株式会社ＡＤＲ１２０Ｓ,情報・通信業,5011101038048
E05445,株式会社テクノマセマティカル,情報・通信業,6010701012444
E05449,株式会社ケイブ,情報・通信業,2011101006189
E05450,Ｓｈｉｎｗａ　Ｗｉｓｅ　Ｈｏｌｄｉｎｇｓ株式会社,サービス業,7010001047124
E05452,株式会社ＳＤＳホールディングス,建設業,2010401082989
E05453,株式会社アエリア,情報・通信業,6010401048805
E05456,株式会社ぐるなび,サービス業,1010001034565
E05457,株式会社フィスコ,情報・通信業,5120101048252
E05458,ウェルネット株式会社,サービス業,5010001125807
E05460,株式会社ディー・エヌ・エー,サービス業,4011001032721
E05462,ＮＥＣキャピタルソリューション株式会社,その他金融業,8010401021784
E05463,テクマトリックス株式会社,情報・通信業,4010401058467
E05466,株式会社プロシップ,情報・通信業,1010001073852
E05467,株式会社ワールドホールディングス,サービス業,4290801004051
E05469,システムズ・デザイン株式会社,情報・通信業,7011301012643
E05470,株式会社エフオン,電気・ガス業,9010001028064
E05471,リスクモンスター株式会社,情報・通信業,5010001075531
E05474,ガンホー・オンライン・エンターテイメント株式会社,情報・通信業,8010001082839
E05476,ＧＭＯペイメントゲートウェイ株式会社,情報・通信業,6011001005411
E05477,共同ピーアール株式会社,サービス業,4010001041427
E05478,株式会社シダー,サービス業,3290801004110
E05480,株式会社インターネットイニシアティブ,情報・通信業,6010001011147
E05481,ＲｅＹｕｕ　Ｊａｐａｎ株式会社,情報・通信業,2120001072917
E05483,株式会社アスカネット,サービス業,7240001000407
E05485,株式会社ソフトクリエイトホールディングス,情報・通信業,8011001012950
E05487,株式会社システムリサーチ,情報・通信業,8180001030616
E05492,フィンテック　グローバル株式会社,その他金融業,7010401025761
E05493,株式会社タカミヤ,サービス業,5120001102126
E05494,株式会社ブロードバンドタワー,情報・通信業,6010401059802
E05496,株式会社アドバンスト・メディア,情報・通信業,5013301017946
E05497,株式会社ガイアックス,情報・通信業,1010701022159
E05498,株式会社プラップジャパン,サービス業,7010401097578
E05504,株式会社クロップス,情報・通信業,6180001029354
E05505,サンネクスタグループ株式会社,不動産業,9011101027286
E05510,株式会社環境フレンドリーホールディングス,情報・通信業,9010501033506
E05512,株式会社アイフィスジャパン,その他製品,9010001009543
E05514,株式会社オールアバウト,サービス業,7011001034665
E05516,株式会社システム　ディ,情報・通信業,8130001021041
E05517,株式会社クリエイト・レストランツ・ホールディングス,小売業,9010701025939
E05518,さくらインターネット株式会社,情報・通信業,3120001079845
E05521,ＵＬＳグループ株式会社,情報・通信業,9010001075445
E05524,株式会社ＡｏｂａーＢＢＴ,サービス業,9010001027297
E05527,アウンコンサルティング株式会社,サービス業,4010001078254
E05528,株式会社フォーバル・リアルストレート,情報・通信業,6011001061470
E05533,株式会社ファンコミュニケーションズ,サービス業,7011001035606
E05536,ライク株式会社,サービス業,5120001111993
E05539,スターティアホールディングス株式会社,卸売業,6011101036075
E05543,ジェイ・エスコムホールディングス株式会社,情報・通信業,4010401059201
E05544,株式会社ＶＬＣセキュリティ,サービス業,5010001067297
E05545,ＧＭＯグローバルサイン・ホールディングス株式会社,情報・通信業,7011001037734
E05550,ヒビノ株式会社,サービス業,8010401025232
E05551,株式会社いい生活,情報・通信業,9010401039891
E05552,株式会社ドリコム,情報・通信業,1011101050337
E05553,キーウェアソリューションズ株式会社,情報・通信業,5011101033882
E05555,株式会社エスプール,サービス業,8010001072939
E05556,株式会社サンマルクホールディングス,小売業,4260001004499
E05560,ＷＤＢホールディングス株式会社,サービス業,5140001062244
E05561,株式会社ユニリタ,情報・通信業,2010401034593
E05562,ユナイテッド株式会社,サービス業,6010401094782
E05563,株式会社ラクーンホールディングス,卸売業,8010001076972
E05564,手間いらず株式会社,サービス業,6011001044649
E05569,株式会社ジェイテック,サービス業,9010001065586
E05570,株式会社エヌジェイホールディングス,情報・通信業,3010001067118
E05573,イメージ情報開発株式会社,情報・通信業,7010001141249
E05575,システム・ロケーション株式会社,サービス業,7013201018258
E05576,株式会社タウンニュース社,サービス業,4021001022663
E05578,株式会社エコミック,情報・通信業,1430001023947
E05579,株式会社翻訳センター,サービス業,1120001089458
E05584,株式会社出前館,情報・通信業,3120001089729
E05585,株式会社ティア,サービス業,6180001045104
E05587,株式会社オーケーウェブ,情報・通信業,2011001041781
E05592,株式会社ソリトンシステムズ,情報・通信業,3011101011691
E05593,ＪＴＰ株式会社,サービス業,6010701025248
E05597,株式会社ビューティカダンホールディングス,卸売業,9010601040352
E05599,株式会社アドウェイズ,サービス業,7011101041652
E05601,サイバーステップ株式会社,情報・通信業,6011001049177
E05606,株式会社セキュアヴェイル,情報・通信業,3120001099513
E05607,ファーストブラザーズ株式会社,不動産業,1010001086441
E05609,株式会社インフォマート,サービス業,2010401041383
E05611,イーサポートリンク株式会社,サービス業,2013301018864
E05617,株式会社ＭＩＸＩ,サービス業,1011001035512
E05621,クルーズ株式会社,情報・通信業,3010401083482
E05622,株式会社メディア工房,情報・通信業,6010401040811
E05623,株式会社インタースペース,サービス業,8011101028715
E05624,株式会社ＬＩＦＵＬＬ,サービス業,1010401091628
E05625,株式会社ジェイエイシーリクルートメント,サービス業,1010001019483
E05627,株式会社ハイパー,卸売業,6010001026475
E05629,株式会社日本Ｍ＆Ａセンターホールディングス,サービス業,6010001033744
E05630,ＴＨＥ　ＷＨＹ　ＨＯＷ　ＤＯ　ＣＯＭＰＡＮＹ株式会社,情報・通信業,7013201013779
E05631,日本和装ホールディングス株式会社,サービス業,5010001111724
E05635,株式会社大和コンピューター,情報・通信業,1120901011371
E05640,株式会社ＳＲＡホールディングス,情報・通信業,2013301022429
E05641,メディアファイブ株式会社,情報・通信業,1290001018160
E05643,株式会社システムインテグレータ,情報・通信業,7030001003876
E05645,株式会社リミックスポイント,情報・通信業,3010001110827
E05646,株式会社オリエンタルコンサルタンツホールディングス,サービス業,5011001048948
E05647,ソースネクスト株式会社,情報・通信業,3010401051654
E05651,株式会社イントランス,不動産業,5011001030534
E05657,株式会社ヒップ,サービス業,9020001015813
E05659,ｅＢＡＳＥ株式会社,情報・通信業,9120001099805
E05663,株式会社アバントグループ,情報・通信業,4010401091204
E05664,アドソル日進株式会社,情報・通信業,8010401052268
E05665,イー・ギャランティ株式会社,その他金融業,1011001047318
E05668,株式会社中広,サービス業,2200001003384
E05669,株式会社ジーダット,情報・通信業,7010001085545
E05670,株式会社光ハイツ・ヴェラス,サービス業,6430001013893
E05674,パス株式会社,情報・通信業,1011001070286
E05676,ｎｍｓホールディングス株式会社,サービス業,7011101037766
E05677,株式会社ネクストジェン,情報・通信業,6010001097517
E05678,コムチュア株式会社,情報・通信業,3010701015193
E05679,株式会社ＯＤＫソリューションズ,情報・通信業,8120001092926
E05680,フリービット株式会社,情報・通信業,8011001034292
E05682,株式会社アイフリークモバイル,情報・通信業,2290001021923
E05686,アイティメディア株式会社,サービス業,1010001092299
E05687,パシフィックシステム株式会社,情報・通信業,4030001034271
E05688,株式会社データ・アプリケーション,情報・通信業,9010001051124
E05690,日本テクノ・ラボ株式会社,情報・通信業,5010001062315
E05691,幼児活動研究会株式会社,サービス業,3010701010137
E05692,地主株式会社,不動産業,6120001095071
E05694,株式会社エヌ・ティ・ティ・データ・イントラマート,情報・通信業,7010401040174
E05695,株式会社オープンアップグループ,サービス業,5010401078571
E05697,株式会社エス・エム・エス,サービス業,2010001134117
E05698,ＵＴグループ株式会社,サービス業,6010701020975
E05699,アステリア株式会社,情報・通信業,2010701012175
E05700,株式会社ＦＲＯＮＴＥＯ,サービス業,1010401051219
E05701,セーラー広告株式会社,サービス業,9470001002353
E05702,株式会社ＪＮグループ,電気機器,8400001008341
E05705,株式会社アイル,情報・通信業,2120001034108
E05706,Ｅ・Ｊホールディングス株式会社,サービス業,3260001010102
E05707,アクセルマーク株式会社,情報・通信業,8011201015613
E05712,株式会社ジーエヌアイグループ,医薬品,4011101053527
E05713,Ａｂａｌａｎｃｅ株式会社,情報・通信業,9010501023597
E05716,株式会社地域新聞社,サービス業,6040001020962
E05717,株式会社アルトナー,サービス業,6140001047590
E05719,株式会社ユビキタスＡＩ,情報・通信業,7011101032305
E05725,株式会社ＺＯＺＯ,小売業,4040001010503
E05726,ＣＤＳ株式会社,サービス業,9180301001381
E05727,株式会社リンクアンドモチベーション,サービス業,5010001068254
E05728,ＮＡＮＯホールディングス株式会社,医薬品,5040001067344
E05729,株式会社パソナグループ,サービス業,6010001114024
E05736,ネットイヤーグループ株式会社,情報・通信業,5010401094866
E05737,株式会社博展,サービス業,3010001099004
E05739,ＴＩＳ株式会社,情報・通信業,2010001134133
E05740,株式会社インサイト,サービス業,9430001009798
E05741,ビリングシステム株式会社,情報・通信業,6010001139434
E05742,テックファームホールディングス株式会社,情報・通信業,3011101058080
E07801,株式会社リクルートホールディングス,サービス業,5010001060426
E09753,全国保証株式会社,その他金融業,8010001008694
E10737,株式会社クスリのアオキホールディングス,小売業,9220002009323
E11661,フリュー株式会社,機械,3011001049510
E11873,日本製紙株式会社,パルプ・紙,8011501009422
E12328,株式会社ユカリア,サービス業,8010401056616
E15690,アルピコホールディングス株式会社,陸運業,2100001016611
E20385,テクミラホールディングス株式会社,情報・通信業,6010001087526
E20616,株式会社ティーケーピー,不動産業,7010001105955
E20870,株式会社ＭＳ＆Ｃｏｎｓｕｌｔｉｎｇ,サービス業,3010001152084
E21122,株式会社オークネット,情報・通信業,4010001116006
E21183,大塚ホールディングス株式会社,医薬品,4010001118786
E21187,ＡＲＥホールディングス株式会社,非鉄金属,4140001030937
E21258,株式会社やまびこ,機械,1013101005329
E21259,ＢＲＵＮＯ株式会社,卸売業,7010401037344
E21261,パーソルホールディングス株式会社,サービス業,8011001058176
E21320,株式会社ＪＶＣケンウッド,電気機器,8020001059159
E21381,株式会社サニーサイドアップグループ,サービス業,1011001044042
E21514,株式会社成学社,サービス業,6120001140744
E21553,株式会社データホライゾン,情報・通信業,9240001012318
E21606,株式会社クリエイトＳＤホールディングス,小売業,9020001052360
E21649,株式会社アサカ理研,非鉄金属,7380001004435
E21706,株式会社リニカル,サービス業,9120001111255
E21815,株式会社ショーエイコーポレーション,化学,5120001043857
E21832,オーウイル株式会社,卸売業,5010401083638
E21902,明治ホールディングス株式会社,食料品,9010001123947
E21955,川田テクノロジーズ株式会社,金属製品,6230001009490
E22012,グリーホールディングス株式会社,情報・通信業,8010401055923
E22016,株式会社菊池製作所,金属製品,6010101000917
E22024,株式会社デ・ウエスタン・セラピテクス研究所,医薬品,5180001055013
E22042,株式会社シイエム・シイ,サービス業,4180001036617
E22049,ソーバル株式会社,サービス業,9010801008257
E22101,ＧＭＯペパボ株式会社,情報・通信業,5011001042496
E22440,株式会社バイタルケーエスケー・ホールディングス,卸売業,4010901024332
E22460,株式会社コーエーテクモホールディングス,情報・通信業,4020001061110
E22461,株式会社ソケッツ,情報・通信業,8011001061907
E22470,株式会社バリューＨＲ,サービス業,7011001036950
E22509,大研医器株式会社,精密機器,7120001083307
E22547,株式会社グリムス,卸売業,8010701018101
E22554,株式会社小田原機器,輸送用機器,6021001032396
E22560,大幸薬品株式会社,医薬品,2120901007344
E22612,株式会社ファンドクリエーショングループ,不動産業,8010001145769
E22663,クックパッド株式会社,サービス業,6010401071872
E22995,メディアスホールディングス株式会社,卸売業,3010001135832
E23187,フィデアホールディングス株式会社,銀行業,4370001018694
E23202,雪印メグミルク株式会社,食料品,8430001041570
E23245,株式会社レスター,卸売業,7010701022780
E23250,株式会社池田泉州ホールディングス,銀行業,1120001140303
E23288,ジオリーブグループ株式会社,卸売業,8010401084328
E23465,粧美堂株式会社,その他製品,4010401097556
E23479,株式会社シーボン,化学,4010401012787
E23487,株式会社キャンバス,医薬品,1080101002382
E23492,株式会社三菱総合研究所,情報・通信業,6010001030403
E23634,アミタホールディングス株式会社,サービス業,3010001129669
E23741,シンデン・ハイテックス株式会社,卸売業,2010001094897
E23818,チムニー株式会社,小売業,9010601039989
E23820,トモニホールディングス株式会社,銀行業,5470001011928
E23829,ヤーマン株式会社,電気機器,5010601020184
E23841,丸善ＣＨＩホールディングス株式会社,小売業,9011101055337
E23871,テクノホライゾン株式会社,電気機器,4180001088600
E24017,株式会社エスクリ,サービス業,9010401057687
E24129,株式会社大光,卸売業,6200001013834
E24158,株式会社セルシード,精密機器,9011101031759
E24187,ダイト株式会社,医薬品,4230001001499
E24248,アゼアス株式会社,卸売業,7010501008071
E24340,株式会社　ＴＨＥグローバル社,不動産業,5011101056883
E24392,株式会社ボルテージ,情報・通信業,7011001036785
E24453,株式会社パピレス,情報・通信業,7013301014017
E24457,株式会社電算,情報・通信業,1100001002083
E24465,Ｚｅｎｋｅｎ株式会社,情報・通信業,4011101011096
E24512,インターライフホールディングス株式会社,建設業,4011501016216
E24536,ＯＣＨＩホールディングス株式会社,卸売業,8290001047005
E24545,株式会社テレビ東京ホールディングス,情報・通信業,1010401090159
E24550,アイ・ケイ・ケイホールディングス株式会社,サービス業,5300001005459
E24558,株式会社ミライト・ワン,建設業,6010601040090
E24651,株式会社ＦＰＧ,証券、商品先物取引業,3010001086522
E24682,シンバイオ製薬株式会社,医薬品,1010401057034
E24753,株式会社トランザクション,その他製品,4011001032309
E24917,イー・ガーディアン株式会社,サービス業,2010401066249
E24951,株式会社ポーラ・オルビスホールディングス,化学,4010701017916
E24982,株式会社メディカルネット,情報・通信業,1011001036766
E24991,株式会社ノエビアホールディングス,化学,3140001034179
E24994,株式会社テラプローブ,電気機器,9020001053623
E24998,株式会社アスリナ,情報・通信業,7010401094468
E25148,株式会社ジェイ・エス・ビー,不動産業,2130001017499
E25156,インテグラル株式会社,その他金融業,9010001097340
E25165,株式会社ＴＯＫＡＩホールディングス,卸売業,2080001017736
E25169,株式会社ゲームカードホールディングス,機械,7010001139202
E25206,株式会社駅探,情報・通信業,9010001092069
E25263,ＡＧＳ株式会社,情報・通信業,2030001000011
E25269,ラクオリア創薬株式会社,医薬品,3180001095399
E25282,日本ドライケミカル株式会社,機械,2010701007860
E25283,株式会社ファインデックス,情報・通信業,9500001003380
E25303,カルビー株式会社,食料品,8010001133757
E25386,ＳＥＭＩＴＥＣ株式会社,電気機器,5010601008733
E25443,株式会社ＭＥＲＦ,卸売業,3230001012407
E25551,株式会社イートアンドホールディングス,食料品,9120001102626
E25620,株式会社ディジタルメディアプロフェッショナル,情報・通信業,3012401013733
E25648,ウェルネオシュガー株式会社,食料品,2010001142672
E25662,サノヤスホールディングス株式会社,輸送用機器,8120001166449
E25665,宮越ホールディングス株式会社,電気機器,6010801021964
E25682,株式会社モルフォ,情報・通信業,5010001090118
E25686,ＪＡＬＣＯホールディングス株式会社,電気機器,7010001142692
E25817,株式会社ブレインパッド,情報・通信業,5010701015274
E25850,株式会社ネクソン,情報・通信業,6010001081280
E25867,ＫＬａｂ株式会社,情報・通信業,7010401041924
E25870,株式会社ＪＰＭＣ,不動産業,5010001083682
E25884,株式会社スリー・ディー・マトリックス,精密機器,4010001087940
E25898,ポールトゥウィンホールディングス株式会社,情報・通信業,7011101063309
E26032,株式会社リブセンス,サービス業,9011001063308
E26061,新田ゼラチン株式会社,化学,2120001039437
E26082,ダブル・スコープ株式会社,電気機器,2020001077950
E26086,株式会社サンセイランディック,不動産業,8010001017712
E26095,株式会社ミサワ,小売業,7013201019157
E26096,株式会社カイオム・バイオサイエンス,医薬品,6011101054960
E26124,ジャパンマテリアル株式会社,サービス業,2190001015191
E26231,株式会社セルシス,情報・通信業,1011101062869
E26290,株式会社Ｃｏｍｉｎｉｘ,卸売業,8120001092827
E26301,株式会社アイスタイル,情報・通信業,1010401057595
E26322,ティーライフ株式会社,小売業,3080001013429
E26332,株式会社エムアップホールディングス,サービス業,3011001043835
E26369,株式会社エイチームホールディングス,情報・通信業,6180001055771
E26428,株式会社ベクトル,サービス業,6010401027065
E26444,株式会社チャーム・ケア・コーポレーション,サービス業,5120001109492
E26446,株式会社ユニバーサル園芸社,サービス業,3120901002294
E26454,株式会社ウチヤマホールディングス,サービス業,5290801007284
E26549,株式会社北の達人コーポレーション,化学,8430001028254
E26579,株式会社ハピネス・アンド・ディ,小売業,4040001063955
E26596,株式会社モブキャストホールディングス,情報・通信業,4010701024945
E26625,日本エマージェンシーアシスタンス株式会社,サービス業,8010001081502
E26675,株式会社ワイヤレスゲート,情報・通信業,2010701015153
E26686,株式会社じもとホールディングス,銀行業,9370001022386
E26703,株式会社エニグモ,情報・通信業,8010401088452
E26707,日本軽金属ホールディングス株式会社,非鉄金属,9010701027118
E26713,株式会社東光高岳,電気機器,5010601043417
E26813,アストマックス株式会社,電気・ガス業,6010701027087
E26815,ＧＭＯフィナンシャルホールディングス株式会社,証券、商品先物取引業,9011001072077
E26821,株式会社ありがとうサービス,小売業,2500001012603
E26831,三協立山株式会社,金属製品,2230001010080
E26839,キャリアリンク株式会社,サービス業,2011101023151
E26842,株式会社エー・ピーホールディングス,小売業,6010401066278
E26914,阿波製紙株式会社,パルプ・紙,8480001000084
E26933,トレンダーズ株式会社,サービス業,7011001034194
E26966,株式会社エストラスト,不動産業,4250001005176
E27016,株式会社アジュバンホールディングス,化学,2140001015675
E27032,キッズウェル・バイオ株式会社,医薬品,5430001027036
E27043,株式会社アビスト,サービス業,8011001065412
E27046,株式会社グランディーズ,不動産業,1320001004512
E27047,株式会社ｅｎｉｓｈ,情報・通信業,9011001068959
E27051,シュッピン株式会社,小売業,9011101039728
E27054,株式会社ユーグレナ,食料品,8010001112570
E27059,地盤ネットホールディングス株式会社,サービス業,9010001143631
E27062,株式会社コロプラ,情報・通信業,7011001059638
E27063,パンチ工業株式会社,機械,7010401054620
E27066,株式会社ＩＢＪ,サービス業,9010001107009
E27202,株式会社買取王国,小売業,8180001071932
E27208,株式会社メドレックス,医薬品,3470001011509
E27210,ウイン・パートナーズ株式会社,卸売業,9010501035080
E27215,株式会社ビューティガレージ,卸売業,6011301013031
E27235,協立情報通信株式会社,サービス業,2010401008184
E27260,オイシックス・ラ・大地株式会社,サービス業,6010701012329
E27273,サンヨーホームズ株式会社,建設業,3120001039510
E27276,ソフトマックス株式会社,情報・通信業,8340001002433
E27280,株式会社オルトプラス,情報・通信業,6011001065018
E27281,株式会社フージャースホールディングス,不動産業,7010001152568
E27294,株式会社プレミアムウォーターホールディングス,食料品,9090001010626
E27303,株式会社アサンテ,サービス業,2011101000803
E27305,タマホーム株式会社,建設業,7010401057862
E27361,株式会社ブロードリーフ,情報・通信業,3010701023163
E27394,株式会社オークファン,情報・通信業,7011001053434
E27421,株式会社クロス・マーケティンググループ,情報・通信業,5010001153857
E27464,トラストホールディングス株式会社,不動産業,5290001063277
E27486,ペプチドリーム株式会社,医薬品,5013201015694
E27506,株式会社ジェイエスエス,サービス業,1120001064799
E27530,株式会社横田製作所,機械,4240001012215
E27572,ＩＣＤＡホールディングス株式会社,小売業,2190001006257
E27585,株式会社リプロセル,化学,2020001086778
E27615,夢展望株式会社,小売業,6120901020756
E27622,サントリービバレッジ＆フード株式会社,食料品,8010401080079
E27624,株式会社カーリット,化学,6010001156165
E27633,東急不動産ホールディングス株式会社,不動産業,2011001096933
E27655,株式会社デジタルハーツホールディングス,サービス業,1010401108134
E27693,株式会社ネクステージ,小売業,3180001067712
E27759,飯田グループホールディングス株式会社,不動産業,2012701012287
E27761,株式会社アメイズ,サービス業,1320001003869
E27815,株式会社ミラタップ,小売業,5120001080628
E27842,株式会社オープンハウスグループ,不動産業,5011001028165
E27855,ＥＲＩホールディングス株式会社,サービス業,4010401109146
E27868,株式会社エンビプロ・ホールディングス,鉄鋼,4080101012395
E27894,株式会社ショーケース,サービス業,2010401036607
E30002,株式会社メディアドゥ,情報・通信業,2180001047905
E30010,株式会社ビジョン,情報・通信業,9011101033243
E30020,株式会社ＡＮＡＰホールディングス,小売業,4011001003243
E30022,Ｍ＆Ａキャピタルパートナーズ株式会社,サービス業,3010001107385
E30042,株式会社ウエスコホールディングス,サービス業,6260001026756
E30047,株式会社じげん,情報・通信業,2010401098688
E30053,アライドアーキテクツ株式会社,サービス業,5011001045516
E30058,オンコリスバイオファーマ株式会社,医薬品,4010401053237
E30065,株式会社ライドオンエクスプレスホールディングス,サービス業,2010401067115
E30066,アズマハウス株式会社,不動産業,1170001000122
E30071,ヒューマン・メタボローム・テクノロジーズ株式会社,サービス業,5390001008172
E30085,エンカレッジ・テクノロジ株式会社,情報・通信業,4010001084285
E30091,株式会社ホットリンク,サービス業,6010001104149
E30103,株式会社めぶきフィナンシャルグループ,銀行業,1060001007582
E30114,株式会社ブイキューブ,情報・通信業,8013201010775
E30118,ＣＹＢＥＲＤＹＮＥ株式会社,精密機器,8050001016537
E30119,アーキテクツ・スタジオ・ジャパン株式会社,サービス業,7010401074016
E30120,シンメンテホールディングス株式会社,サービス業,3010701013924
E30124,株式会社イーグランド,不動産業,9010001084487
E30126,株式会社日本アクア,建設業,4020001061696
E30130,株式会社シグマクシス・ホールディングス,サービス業,6010401075873
E30133,株式会社ダイキアクシス,その他製品,4500001005530
E30140,株式会社ウィルグループ,サービス業,9011001061435
E30398,株式会社サイバーリンクス,情報・通信業,3170001001614
E30438,ダイキョーニシカワ株式会社,化学,3240001036909
E30443,ＡＺ－ＣＯＭ丸和ホールディングス株式会社,陸運業,8030001065742
E30445,株式会社エンバイオ・ホールディングス,サービス業,9010001095930
E30451,株式会社ホットマン,小売業,3370001002204
E30454,日本ＢＳ放送株式会社,情報・通信業,5010001101469
E30466,株式会社ディー・エル・イー,情報・通信業,6010001084845
E30476,株式会社エスクロー・エージェント・ジャパン,サービス業,7010001108108
E30479,トレックス・セミコンダクター株式会社,電気機器,2010001079907
E30481,株式会社ジャパンディスプレイ,電気機器,6040001059563
E30501,株式会社ジョイフル本田,小売業,6050001009303
E30504,株式会社白鳩,小売業,2130001014736
E30537,株式会社フィックスターズ,情報・通信業,8010701023423
E30598,株式会社東武住販,不動産業,2250001005979
E30648,株式会社フリークアウト・ホールディングス,サービス業,2010401092006
E30649,株式会社ムゲンエステート,不動産業,8010001058665
E30656,株式会社ヨシックスホールディングス,小売業,3180001018582
E30682,株式会社レアジョブ,サービス業,8011001064760
E30692,ポバール興業株式会社,化学,9180001032652
E30697,ＯＡＴアグリオ株式会社,化学,2010001135528
E30699,株式会社エターナルホスピタリティグループ,小売業,9120001011711
E30726,株式会社グッドコムアセット,不動産業,5011101047222
E30728,フィード・ワン株式会社,食料品,7020001107810
E30731,株式会社ＫＡＤＯＫＡＷＡ,情報・通信業,2010001163289
E30746,株式会社東京きらぼしフィナンシャルグループ,銀行業,9011101071326
E30836,株式会社イルグルム,サービス業,3120001104842
E30841,株式会社ジャパンインベストメントアドバイザー,証券、商品先物取引業,7010401085533
E30856,株式会社デジタルプラス,情報・通信業,8011001045298
E30857,ＧＭＯプロダクトプラットフォーム株式会社,情報・通信業,6011001038345
E30865,株式会社リボミック,医薬品,7010401056971
E30877,株式会社ＦＦＲＩセキュリティ,情報・通信業,3011101046226
E30880,株式会社アンビションＤＸホールディングス,不動産業,4011001072940
E30881,株式会社ジェネレーションパス,小売業,9011101032971
E30898,株式会社ホットランドホールディングス,小売業,6370301002917
E30908,株式会社アルファポリス,情報・通信業,3011001035097
E30917,ヤマシンフィルタ株式会社,機械,5020001023159
E30918,株式会社オプティム,情報・通信業,4300001001392
E30919,株式会社セレス,情報・通信業,1010401073460
E30929,株式会社エラン,サービス業,1100001014640
E30930,株式会社日本創発グループ,その他製品,9011501020139
E30969,株式会社ＳＨＩＦＴ,情報・通信業,8010401073462
E30982,今村証券株式会社,証券、商品先物取引業,9220001001223
E30993,株式会社エムケイシステム,情報・通信業,7120001075907
E30996,株式会社ＣＲＩ・ミドルウェア,情報・通信業,6011001062642
E30998,アトラグループ株式会社,サービス業,6120001113618
E30999,日本ＰＣサービス株式会社,サービス業,9120901014607
E31009,弁護士ドットコム株式会社,サービス業,7010401059818
E31012,株式会社大冷,食料品,2010001048993
E31019,株式会社クラウドワークス,情報・通信業,6010401098453
E31023,マークラインズ株式会社,情報・通信業,5010401043352
E31024,株式会社ビーロット,不動産業,2010401078582
E31029,ＳＦＰホールディングス株式会社,小売業,6010901028439
E31035,株式会社フルッタフルッタ,食料品,4010001094581
E31036,株式会社アドベンチャー,サービス業,5011001050532
E31037,竹本容器株式会社,化学,9010501007633
E31042,株式会社ＲＳ　Ｔｅｃｈｎｏｌｏｇｉｅｓ,金属製品,3010701024500
E31052,株式会社Ｕ－ＮＥＸＴ　ＨＯＬＤＩＮＧＳ,情報・通信業,3011001067132
E31054,株式会社アイ・アールジャパンホールディングス,サービス業,6010001165694
E31056,メディカル・データ・ビジョン株式会社,情報・通信業,7010001087640
E31060,株式会社ｇｕｍｉ,情報・通信業,8011101056625
E31064,メタウォーター株式会社,電気・ガス業,8010401075293
E31065,イーレックス株式会社,電気・ガス業,2010001066839
E31071,ＭＲＴ株式会社,サービス業,3011101059533
E31079,株式会社エクストリーム,サービス業,6013301021476
E31089,ＺＥＴＡ株式会社,サービス業,3010701018824
E31093,株式会社カヤック,情報・通信業,7021001010079
E31104,綿半ホールディングス株式会社,小売業,4100001022855
E31123,東京ボード工業株式会社,その他製品,2010601034286
E31131,データセクション株式会社,情報・通信業,7010401083082
E31159,ユナイテッド・スーパーマーケット・ホールディングス株式会社,小売業,8010001166286
E31167,マクニカホールディングス株式会社,卸売業,9020001110309
E31216,ＫｅｅＰｅｒ技研株式会社,サービス業,3180001094120
E31220,株式会社　ホクリヨウ,食料品,2430001028862
E31248,楽待株式会社,サービス業,4010401065075
E31256,シリコンスタジオ株式会社,情報・通信業,5011001033280
E31284,株式会社Ａｎｄ　Ｄｏホールディングス,不動産業,6130001037568
E31291,株式会社エスエルディー,小売業,1011001043721
E31306,ファーストコーポレーション株式会社,建設業,2012701011066
E31321,株式会社ゼネラル・オイスター,小売業,5010001089060
E31331,株式会社モバイルファクトリー,情報・通信業,9010001145867
E31335,株式会社ヘリオス,医薬品,3290001055549
E31336,株式会社コラボス,情報・通信業,6010001076248
E31343,株式会社イード,サービス業,5011201013586
E31344,株式会社プラッツ,その他製品,9290001041576
E31348,株式会社Ａｉｍｉｎｇ,情報・通信業,7011101060669
E31354,ＧｒｅｅｎＢｅｅ株式会社,情報・通信業,5010001132290
E31367,株式会社海帆,小売業,2180001059198
E31379,株式会社三機サービス,サービス業,3140001059036
E31381,株式会社日本動物高度医療センター,サービス業,4020001077222
E31382,サンバイオ株式会社,医薬品,6010601044067
E31386,Ｈａｍｅｅ株式会社,小売業,9021001033474
E31408,日本スキー場開発株式会社,サービス業,6010001097087
E31424,株式会社イトクロ,サービス業,4010401062386
E31436,ＪＩＧ－ＳＡＷ株式会社,情報・通信業,3430001027574
E31446,株式会社レントラックス,サービス業,6011701010603
E31448,株式会社リンクバル,サービス業,1010001143952
E31453,株式会社テラスカイ,情報・通信業,5010001125410
E31454,株式会社Ｇｕｎｏｓｙ,サービス業,5010401102810
E31524,株式会社スマートバリュー,情報・通信業,6120101002687
E31542,株式会社中村超硬,機械,1120101005629
E31551,株式会社マーケットエンタープライズ,サービス業,7010601032252
E31560,株式会社メニコン,精密機器,7180001017589
E31573,デジタル・インフォメーション・テクノロジー株式会社,情報・通信業,9010001103734
E31574,株式会社ファンデリー,小売業,5011501004062
E31575,株式会社ナガオカ,機械,5120101043534
E31580,株式会社サーバーワークス,情報・通信業,1011101054073
E31594,冨士ダイス株式会社,機械,4010801010218
E31602,株式会社平山ホールディングス,精密機器,8010401098518
E31612,株式会社九州フィナンシャルグループ,銀行業,2340001018765
E31614,株式会社Ｌｉｂ　Ｗｏｒｋ,建設業,7330001010363
E31622,株式会社クレステック,その他製品,1080401001547
E31624,大木ヘルスケアホールディングス株式会社,卸売業,2010001170789
E31625,株式会社富士山マガジンサービス,小売業,1011001038837
E31626,株式会社アイリッジ,情報・通信業,4011001071991
E31633,デクセリアルズ株式会社,化学,4010001147620
E31640,ＰＣＩホールディングス株式会社,情報・通信業,2010701018957
E31681,株式会社パルマ,不動産業,6010001082675
E31694,株式会社アクアライン,サービス業,3240001014666
E31723,株式会社土木管理総合試験所,サービス業,8100001002184
E31729,株式会社ラクト・ジャパン,卸売業,5010001051615
E31731,ベステラ株式会社,建設業,7010601021305
E31741,ＪＥＳＣＯホールディングス株式会社,建設業,1011101008616
E31742,株式会社ＴＯＫＹＯ　ＢＡＳＥ,小売業,9011001058992
E31743,ユーピーアール株式会社,サービス業,5250001003039
E31748,日本郵政株式会社,サービス業,5010001112697
E31749,ピクスタ株式会社,小売業,1011001067555
E31751,リネットジャパングループ株式会社,小売業,8180001093877
E31754,アイビーシー株式会社,情報・通信業,6010001080514
E31775,株式会社ゆうちょ銀行,銀行業,5010001112730
E31776,株式会社ブランジスタ,サービス業,4011001035708
E31815,株式会社バルニバービ,サービス業,1120001087528
E31817,ＡｐｐＢａｎｋ株式会社,サービス業,4021001047248
E31851,ブライトパス・バイオ株式会社,医薬品,8290001050314
E31854,ＧＭＯメディア株式会社,サービス業,6011001038592
E31855,タメニー株式会社,サービス業,3010701024252
E31871,株式会社鎌倉新書,サービス業,9010001040382
E31878,株式会社ラクス,情報・通信業,9120001097305
E31896,株式会社ベルシステム２４ホールディングス,サービス業,4010001161381
E31901,株式会社メタリアル,サービス業,1010001088074
E31902,株式会社ネオジャパン,情報・通信業,6020001009165
E31905,あんしん保証株式会社,その他金融業,9010401049214
E31918,アートグリーン株式会社,卸売業,7010401048812
E31924,中本パックス株式会社,その他製品,8120001024730
E31925,株式会社ｒｏｂｏｔ　ｈｏｍｅ,不動産業,3290001025873
E31936,株式会社オープンドア,情報・通信業,5010401032495
E31946,株式会社ミズホメディー,医薬品,2300001006311
E31948,株式会社ランドコンピュータ,情報・通信業,1010701021061
E31954,株式会社ツバキ・ナカシマ,機械,2150001014908
E31955,ソーシャルワイヤー株式会社,情報・通信業,3011101058626
E31957,株式会社ダブルスタンダード,情報・通信業,1013201019245
E31958,ＳＭＮ株式会社,サービス業,3010701021828
E31965,株式会社ＰＲ　ＴＩＭＥＳ,情報・通信業,4010401060191
E31968,アクサスホールディングス株式会社,小売業,3480001009568
E31977,株式会社フーバーブレイン,情報・通信業,3010001077133
E31979,ケイアイスター不動産株式会社,不動産業,3030001060211
E31991,株式会社マイネット,情報・通信業,7010001100444
E31997,株式会社一蔵,サービス業,4030001000777
E32022,株式会社横浜フィナンシャルグループ,銀行業,8010001174710
E32069,伊藤ハム米久ホールディングス株式会社,食料品,6011001110293
E32108,株式会社バリューゴルフ,情報・通信業,1010401055616
E32109,ヒロセ通商株式会社,その他金融業,9120001106932
E32119,株式会社ブラス,サービス業,5180001085084
E32138,株式会社ヨシムラ・フード・ホールディングス,サービス業,6010001128643
E32141,株式会社はてな,情報・通信業,1013201014709
E32146,昭栄薬品株式会社,卸売業,4120001015147
E32153,株式会社フェニックスバイオ,サービス業,3240001023089
E32156,株式会社グローバルキッズＣＯＭＰＡＮＹ,サービス業,1010001170889
E32158,アグレ都市デザイン株式会社,不動産業,8012401019024
E32159,株式会社ベネフィットジャパン,情報・通信業,7120001089122
E32161,チエル株式会社,情報・通信業,7011101025151
E32163,株式会社グリーンエナジー＆カンパニー,建設業,6480001006042
E32169,ユー・エム・シー・エレクトロニクス株式会社,電気機器,1030001044117
E32181,株式会社ウイルプラスホールディングス,小売業,8010801017606
E32189,株式会社イワキ,機械,3010001011026
E32193,株式会社キャリア,サービス業,2011101052670
E32194,株式会社エアトリ,サービス業,6010401072978
E32198,株式会社アイドママーケティングコミュニケーション,情報・通信業,4230001000030
E32200,株式会社アカツキ,情報・通信業,2011001065541
E32203,バーチャレクス・ホールディングス株式会社,サービス業,3010401059383
E32225,株式会社グローバルウェイ,情報・通信業,7010401055461
E32238,株式会社エディア,情報・通信業,3010001072274
E32254,株式会社ＪＭホールディングス,小売業,1050001011577
E32292,ＳＧホールディングス株式会社,陸運業,9130001026717
E32351,株式会社農業総合研究所,サービス業,5170001006371
E32364,株式会社やまみ,食料品,4240001040001
E32380,株式会社ストライク,サービス業,7010001079968
E32381,サツドラホールディングス株式会社,小売業,6430001072213
E32382,アレンザホールディングス株式会社,小売業,3380001027299
E32397,株式会社セラク,サービス業,1011101032087
E32400,株式会社アトラエ,情報・通信業,6010401060842
E32405,株式会社ホープ,サービス業,3290001029577
E32408,株式会社Ｕｂｉｃｏｍホールディングス,情報・通信業,8010401059998
E32412,ジェイリース株式会社,その他金融業,3320001003867
E32420,株式会社ベガコーポレーション,小売業,9290001052160
E32427,株式会社コメダホールディングス,卸売業,2180001116676
E32447,株式会社西日本フィナンシャルホールディングス,銀行業,5290001075355
E32468,株式会社デュアルタップ,不動産業,2010701017604
E32486,Ｇ－ＦＡＣＴＯＲＹ株式会社,不動産業,5011101035359
E32495,株式会社インソース,サービス業,5010001080795
E32549,株式会社ベイカレント,サービス業,7010401111553
E32571,株式会社フィル・カンパニー,建設業,6010001141308
E32591,株式会社ノムラシステムコーポレーション,情報・通信業,3011001035642
E32592,株式会社ユニシアホールディングス,小売業,8010901029204
E32601,株式会社Ｏｒｃｈｅｓｔｒａ　Ｈｏｌｄｉｎｇｓ,サービス業,3011001061184
E32603,株式会社カナミックネットワーク,情報・通信業,9010701012714
E32619,株式会社キャピタル・アセット・プランニング,情報・通信業,3120001077956
E32620,株式会社チェンジホールディングス,情報・通信業,4011001048627
E32642,ＫＨネオケム株式会社,化学,8010001136966
E32647,株式会社シンクロ・フード,情報・通信業,9011001044563
E32664,株式会社オンザページ,サービス業,1010001177471
E32679,九州旅客鉄道株式会社,陸運業,6290001012621
E32682,株式会社岐阜造園,建設業,4200001001361
E32687,株式会社アイモバイル,サービス業,4011001059087
E32697,株式会社バロックジャパンリミテッド,小売業,9013201014379
E32736,株式会社スタジオアタオ,小売業,8140001028011
E32750,株式会社エルテス,情報・通信業,4010401099544
E32753,ＷＡＳＨハウス株式会社,サービス業,7350001002813
E32763,株式会社イントラスト,その他金融業,6010001133718
E32766,株式会社イノベーション,情報・通信業,5011001035806
E32770,株式会社ＪＭＣ,非鉄金属,2020001035875
E32779,ロードスターキャピタル株式会社,不動産業,9011001072894
E32784,株式会社シンシア,精密機器,5010001121120
E32793,フォーライフ株式会社,不動産業,8020001036389
E32794,株式会社うるる,情報・通信業,6010001096659
E32795,株式会社ディスラプターズ,サービス業,4010401081592
E32796,株式会社船場,サービス業,4010501032297
E32801,株式会社ＭＳ－Ｊａｐａｎ,サービス業,9120001111949
E32803,日本モーゲージサービス株式会社,その他金融業,2010401062405
E32814,ＳＣＡＴ株式会社,情報・通信業,8060001014432
E32815,セグエグループ株式会社,情報・通信業,9010001164479
E32825,株式会社エイトレッド,情報・通信業,9011001051741
E32854,窪田製薬ホールディングス株式会社,医薬品,3011001108646
E32855,株式会社シャノン,情報・通信業,1010401052638
E32951,株式会社日宣,サービス業,8010001071429
E32956,フュージョン株式会社,サービス業,7430001015237
E32965,ユナイテッド＆コレクティブ株式会社,小売業,8010401089756
E32966,ジェイドグループ株式会社,小売業,5010401097274
E32967,株式会社レノバ,電気・ガス業,7011001037180
E32988,株式会社グリーンズ,サービス業,5190001014736
E32989,株式会社ファンペップ,医薬品,1011001097115
E32990,ファイズホールディングス株式会社,サービス業,3120001179942
E32991,株式会社ほぼ日,小売業,1010401048826
E32992,株式会社ビーグリー,情報・通信業,3010401109114
E33000,株式会社ＦＯＯＤ　＆　ＬＩＦＥ　ＣＯＭＰＡＮＩＥＳ,小売業,8120901035199
E33005,株式会社インターネットインフィニティー,サービス業,2010001088949
E33009,フルテック株式会社,サービス業,3430001013822
E33011,株式会社力の源ホールディングス,小売業,7290001001697
E33016,株式会社ピーバンドットコム,卸売業,9010001131479
E33025,株式会社ズーム,電気機器,9010001089577
E33026,株式会社ユーザーローカル,情報・通信業,9011001069346
E33034,ジャパンエレベーターサービスホールディングス株式会社,サービス業,5010001019182
E33037,株式会社Ｎｏ．１,卸売業,8010001136248
E33039,株式会社オロ,情報・通信業,7013201012673
E33040,テモナ株式会社,情報・通信業,4010601036512
E33044,ソレイジア・ファーマ株式会社,医薬品,9010401075961
E33050,ウェーブロックホールディングス株式会社,その他製品,5010001061812
E33109,アセンテック株式会社,卸売業,2011101051771
E33110,株式会社旅工房,サービス業,4013301007221
E33232,株式会社ビーブレイクシステムズ,情報・通信業,7010701013986
E33235,株式会社ＳＹＳホールディングス,情報・通信業,5180001110767
E33237,エコモット株式会社,サービス業,6430001034659
E33242,シェアリングテクノロジー株式会社,情報・通信業,2180001061708
E33247,ディーエムソリューションズ株式会社,サービス業,9012401014057
E33254,株式会社ＧａｍｅＷｉｔｈ,情報・通信業,2010401106079
E33272,株式会社ツナググループ・ホールディングス,サービス業,8010001107240
E33282,株式会社シルバーライフ,卸売業,7010901028669
E33305,ユニフォームネクスト株式会社,小売業,2210001004332
E33313,株式会社クロスフォー,その他製品,1090001001062
E33323,株式会社トラース・オン・プロダクト,電気機器,7020001042025
E33345,株式会社キャストリコ,電気機器,4010001096017
E33357,株式会社エスユーエス,サービス業,6130001017685
E33364,ウォンテッドリー株式会社,情報・通信業,9011001066673
E33367,株式会社ニーズウェル,情報・通信業,3011101025642
E33382,大阪油化工業株式会社,化学,2120001149244
E33384,株式会社ピー・ビーシステムズ,情報・通信業,2290001015909
E33390,株式会社マネーフォワード,情報・通信業,6011101063359
E33391,株式会社ＰＫＳＨＡ　Ｔｅｃｈｎｏｌｏｇｙ,情報・通信業,5011101064787
E33392,株式会社壽屋,その他製品,7012801000492
E33393,ヤマシタヘルスケアホールディングス株式会社,卸売業,2290001079821
E33416,Ｇｅｎｋｙ　ＤｒｕｇＳｔｏｒｅｓ株式会社,小売業,5210001016969
E33435,株式会社イノベーションホールディングス,不動産業,7011101062525
E33485,株式会社Ｃａｓａ,その他金融業,4010001155540
E33491,株式会社幸和製作所,その他製品,4120101002219
E33497,株式会社シー・エス・ランバー,その他製品,1040001057646
E33514,ポエック株式会社,卸売業,5240001032096
E33515,クックビズ株式会社,サービス業,7120001128193
E33519,サインポスト株式会社,情報・通信業,1010001107305
E33535,技研ホールディングス株式会社,建設業,2011301023802
E33553,株式会社トレードワークス,情報・通信業,1010001085245
E33557,ＡＩＡＩグループ株式会社,サービス業,6010601048836
E33577,株式会社ミダックホールディングス,サービス業,6080401005304
E33579,株式会社グローバル・リンク・マネジメント,不動産業,3011001044453
E33586,株式会社メドレー,情報・通信業,4010401082351
E33588,株式会社エル・ティー・エス,サービス業,8011101053812
E33594,株式会社オプトラン,機械,1030001056764
E33595,株式会社イオレ,サービス業,3010901015200
E33601,株式会社みらいワークス,サービス業,4011001072890
E33602,株式会社ＨＡＮＡＴＯＵＲ　ＪＡＰＡＮ,サービス業,3010401058864
E33603,森六株式会社,化学,9010401054420
E33610,株式会社パパネッツ,倉庫・運輸関連,9030001067804
E33615,株式会社ジーニー,情報・通信業,7010401087406
E33616,株式会社オプティマスグループ,卸売業,9010401116022
E33622,株式会社カチタス,不動産業,6070001016685
E33623,株式会社アイ・ピー・エス,情報・通信業,5010001072421
E33624,プレミアグループ株式会社,その他金融業,8010001168159
E33625,ＳＢＩアルヒ株式会社,その他金融業,1010001160717
E33626,株式会社すららネット,情報・通信業,7010001136802
E33633,株式会社要興業,サービス業,7013301003168
E33638,ＡＢホテル株式会社,サービス業,1180301027293
E33693,株式会社三十三フィナンシャルグループ,銀行業,2190001025439
E33702,ＦＩＧ株式会社,情報・通信業,4320001016471
E33777,株式会社ジェイテックコーポレーション,金属製品,5140001023717
E33784,株式会社Ｍマート,情報・通信業,8011101033863
E33790,株式会社リグア,サービス業,7120001108848
E33794,神戸天然物化学株式会社,サービス業,3140001022497
E33800,ジェイフロンティア株式会社,情報・通信業,9011001063340
E33807,バリュエンスホールディングス株式会社,卸売業,6120001168182
E33819,株式会社フェイスネットワーク,不動産業,6013201013986
E33822,株式会社共和コーポレーション,サービス業,1100001000797
E33825,ビープラッツ株式会社,情報・通信業,6010001119584
E33834,信和株式会社,金属製品,9010001162433
E33838,キュービーネットホールディングス株式会社,サービス業,6010001163541
E33839,株式会社ファイバーゲート,情報・通信業,7430001029022
E33854,Ｓｏｌｖｖｙ株式会社,その他金融業,9011001061773
E33858,株式会社和心,小売業,6011001072625
E33863,株式会社アズ企画設計,不動産業,9030001073546
E33864,株式会社コンヴァノ,サービス業,8011001095822
E33868,ＣＲＡＶＩＡ株式会社,サービス業,6011001056801
E33880,ＨＥＲＯＺ株式会社,情報・通信業,7010401081739
E33881,オープングループ株式会社,サービス業,1010401098870
E33882,ブティックス株式会社,小売業,7010701023374
E33910,株式会社ニッソウ,建設業,3010901009251
E33928,株式会社コレックホールディングス,サービス業,2013301031289
E33948,株式会社ベストワンドットコム,サービス業,9011001045578
E33957,ウイングアーク１ｓｔ株式会社,情報・通信業,9010001174206
E33966,ラクスル株式会社,情報・通信業,9010401089631
E34018,株式会社ライトアップ,情報・通信業,1011001041171
E34028,株式会社アミファ,卸売業,1010001110663
E34031,株式会社ＳＩＧグループ,情報・通信業,7010001001114
E34045,ロジザード株式会社,情報・通信業,1010401053173
E34052,株式会社エーアイ,情報・通信業,8010001127602
E34053,株式会社スプリックス,サービス業,7110001022686
E34054,株式会社ＭＴＧ,その他製品,6180001051390
E34064,株式会社メルカリ,情報・通信業,6010701027558
E34065,ダイヤモンドエレクトリックホールディングス株式会社,電気機器,4120001216273
E34070,株式会社インバウンドテック,サービス業,4011101072956
E34071,コーア商事ホールディングス株式会社,医薬品,6020001109452
E34082,ログリー株式会社,サービス業,9010001121488
E34090,プロパティデータバンク株式会社,情報・通信業,7010401042534
E34091,株式会社アクリート,情報・通信業,1010901034136
E34094,株式会社ＺＵＵ,サービス業,4011001094365
E34095,株式会社キャンディル,建設業,6010001162361
E34097,株式会社サン・ライフホールディング,サービス業,4021001065753
E34102,ブックオフグループホールディングス株式会社,小売業,4021001065745
E34111,株式会社システムサポートホールディングス,情報・通信業,3220001003282
E34113,株式会社第四北越フィナンシャルグループ,銀行業,3110001033555
E34114,ＶＡＬＵＥＮＥＸ株式会社,情報・通信業,3010001125817
E34116,株式会社バンク・オブ・イノベーション,情報・通信業,1011101050080
E34130,株式会社イボキン,サービス業,1140001038603
E34137,株式会社ベルテクスコーポレーション,ガラス・土石製品,4010001195330
E34140,株式会社エクスモーション,情報・通信業,5010401077862
E34142,株式会社マネジメントソリューションズ,サービス業,9010401062357
E34148,株式会社プロレド・パートナーズ,サービス業,3010401075612
E34165,ＳＡＡＦホールディングス株式会社,建設業,6010001195295
E34177,株式会社ＧＡ　ｔｅｃｈｎｏｌｏｇｉｅｓ,不動産業,9011001093998
E34221,株式会社フロンティア,サービス業,8250001010775
E34225,株式会社チームスピリット,情報・通信業,1010001116826
E34238,ａｎｄ　ｆａｃｔｏｒｙ株式会社,サービス業,7011001102001
E34256,香陵住販株式会社,不動産業,2050001000950
E34271,株式会社マリオン,不動産業,5011101020237
E34273,ＫＬＡＳＳ株式会社,機械,7140001038325
E34276,株式会社テノ．ホールディングス,サービス業,2290001072306
E34285,株式会社アズーム,不動産業,9011001062508
E34288,株式会社ブロードバンドセキュリティ,情報・通信業,8011101038136
E34289,霞ヶ関キャピタル株式会社,不動産業,3370103000741
E34290,フロンティア・マネジメント株式会社,サービス業,1010001121867
E34294,株式会社イーエムネットジャパン,サービス業,1011101066507
E34318,ＤｅｌｔａーＦｌｙ　Ｐｈａｒｍａ株式会社,医薬品,6480001006521
E34321,イーソル株式会社,情報・通信業,9011201009845
E34326,エキサイトホールディングス株式会社,情報・通信業,3010001193533
E34331,ブリッジインターナショナル株式会社,サービス業,2010901015622
E34335,株式会社ディ・アイ・システム,情報・通信業,3010401052264
E34336,株式会社ギフトホールディングス,小売業,3012301007868
E34352,ＣＲＧホールディングス株式会社,サービス業,7011101067961
E34363,プリントネット株式会社,その他製品,9340001008231
E34379,株式会社アクセスグループ・ホールディングス,サービス業,5010401081443
E34454,株式会社ヴィス,サービス業,8120001041552
E34455,株式会社レオクラン,卸売業,1120901010233
E34470,オーウエル株式会社,卸売業,6120001049291
E34471,株式会社ＦＵＪＩジャパン,建設業,9430001030028
E34484,株式会社ピアラ,サービス業,6011001059993
E34486,ＴＡＮＡＫＥＮ株式会社,建設業,7010401017288
E34487,ＴＤＳＥ株式会社,サービス業,2011001097163
E34497,株式会社Ａｍａｚｉａ,情報・通信業,4011001062405
E34498,アルー株式会社,サービス業,6010001145804
E34499,株式会社ヤシマキザイ,卸売業,9010001059407
E34507,Ｋｕｄａｎ株式会社,情報・通信業,9010001164256
E34508,ベルトラ株式会社,サービス業,2011101049188
E34509,株式会社シノプス,情報・通信業,2120001132027
E34513,リビン・テクノロジーズ株式会社,情報・通信業,9010001086161
E34514,株式会社ＡＣＳＬ,機械,9040001083503
E34522,ＧＬＣ　ＧＲＯＵＰ株式会社,不動産業,7330001008449
E34537,ポート株式会社,情報・通信業,8011001069074
E34538,株式会社ヒト・コミュニケーションズ・ホールディングス,情報・通信業,6013301043545
E34544,株式会社ＥｄｕＬａｂ,情報・通信業,6010401117444
E34557,株式会社マクアケ,情報・通信業,5011001094810
E34565,セントラルフォレストグループ株式会社,卸売業,2180001135998
E34587,ｇｏｏｄｄａｙｓホールディングス株式会社,情報・通信業,9010001174040
E34633,リックソフト株式会社,情報・通信業,1010001124218
E34634,株式会社識学,サービス業,7011001104435
E34643,株式会社スマレジ,情報・通信業,3120002064771
E34644,ダイコー通産株式会社,卸売業,6500001002468
E34657,株式会社フロンティアインターナショナル,サービス業,4011001031764
E34663,東海ソフト株式会社,情報・通信業,1180001031538
E34699,株式会社コプロ・ホールディングス,サービス業,7180001059094
E34704,株式会社あさくま,小売業,9180001066601
E34707,スター・マイカ・ホールディングス株式会社,不動産業,4010401060489
E34716,株式会社エヌ・シー・エヌ,サービス業,6200001017075
E34720,ギークス株式会社,サービス業,2011001061870
E34721,株式会社Ｗｅｌｂｙ,情報・通信業,9011001070865
E34722,共栄セキュリティーサービス株式会社,サービス業,8010001088704
E34725,株式会社フレアス,サービス業,4090001004657
E34729,株式会社東名,情報・通信業,2190001015679
E34735,日本ホスピスホールディングス株式会社,サービス業,5010001180645
E34739,株式会社ヴィッツ,情報・通信業,9180001045035
E34747,株式会社ＮＡＴＴＹ　ＳＷＡＮＫＹホールディングス,小売業,9012401017051
E34748,株式会社Ｂｉｒｄｍａｎ,サービス業,8010001148284
E34754,株式会社ミンカブ・ジ・インフォノイド,情報・通信業,4010401098942
E34800,株式会社ビーアンドピー,その他製品,7120001046701
E34814,トビラシステムズ株式会社,情報・通信業,9180001066502
E34851,株式会社アイ・パートナーズフィナンシャル,その他金融業,3020001046095
E34853,Ｌｉｎｋ－Ｕグループ株式会社,情報・通信業,6010701028399
E34866,株式会社ハウテレビジョン,サービス業,4011601015654
E34880,バルテス・ホールディングス株式会社,情報・通信業,1120001107293
E34938,日本グランデ株式会社,不動産業,6430001028578
E34943,株式会社薬王堂ホールディングス,小売業,5400001014747
E34944,大英産業株式会社,不動産業,4290801010181
E34954,株式会社ピアズ,サービス業,8180001056958
E34960,Ｓａｎｓａｎ株式会社,情報・通信業,4010001120965
E34965,新日本製薬株式会社,化学,5290001023017
E34973,株式会社プレイド,情報・通信業,7010401096035
E34974,株式会社インフォネット,情報・通信業,2010001142978
E34975,ブランディングテクノロジー株式会社,サービス業,2011001038472
E34994,株式会社アシロ,サービス業,9011101076787
E34995,フィードフォースグループ株式会社,サービス業,7010001098357
E34999,株式会社ステムリム,医薬品,6120901018131
E35004,株式会社ブシロード,その他製品,8011201012032
E35028,株式会社ツクルバ,不動産業,3011001070524
E35089,株式会社サイバー・バズ,サービス業,2011001046938
E35096,株式会社ギフティ,情報・通信業,4011001073617
E35114,ＨＰＣシステムズ株式会社,情報・通信業,4010401096252
E35116,株式会社ＢｕｙＳｅｌｌ　Ｔｅｃｈｎｏｌｏｇｉｅｓ,卸売業,4010001074187
E35117,ＡＩ　ＣＲＯＳＳ株式会社,情報・通信業,4010401117090
E35118,ＳＯＬＩＺＥ　Ｈｏｌｄｉｎｇｓ株式会社,サービス業,1010001137277
E35124,株式会社ｋｕｂｅｌｌ,情報・通信業,9120901014004
E35125,株式会社浜木綿,小売業,5180001009159
E35136,ワシントンホテル株式会社,サービス業,3180001042070
E35137,株式会社パワーソリューションズ,情報・通信業,6010001106038
E35139,コーユーレンティア株式会社,サービス業,3010401025419
E35140,株式会社アンビスホールディングス,サービス業,1010001178809
E35144,株式会社アールプランナー,不動産業,8180001060415
E35150,ＨＥＮＮＧＥ株式会社,情報・通信業,2011001034562
E35153,ＳＲＥホールディングス株式会社,不動産業,1010001160048
E35157,株式会社インティメート・マージャー,サービス業,4010001154311
E35163,ＢＡＳＥ株式会社,情報・通信業,7010401103229
E35164,ベース株式会社,情報・通信業,9010001063813
E35169,セルソース株式会社,サービス業,3010401121829
E35170,株式会社ダブルエー,小売業,2011001053257
E35187,株式会社ジェイック,サービス業,1010001066022
E35220,恵和株式会社,化学,1120001051649
E35234,ホームポジション株式会社,不動産業,5080001004715
E35238,株式会社トゥエンティーフォーセブンホールディングス,サービス業,6010001115154
E35250,ＡＨＣグループ株式会社,サービス業,4010001139584
E35258,名南Ｍ＆Ａ株式会社,サービス業,1180001116041
E35278,株式会社ビザスク,情報・通信業,5010001145747
E35284,株式会社ウィルズ,情報・通信業,5011001056678
E35287,ランサーズ株式会社,情報・通信業,6021001024617
E35288,株式会社ＡＬｉＮＫインターネット,サービス業,6011001094074
E35289,株式会社ジモティー,サービス業,3011001068337
E35294,株式会社テクノフレックス,金属製品,3010501032975
E35303,株式会社ランディックス,不動産業,3010901014739
E35307,ユナイトアンドグロウ株式会社,情報・通信業,4011101061083
E35308,株式会社ＪＭＤＣ,情報・通信業,6010403010531
E35318,株式会社Ｆａｓｔ　Ｆｉｔｎｅｓｓ　Ｊａｐａｎ,サービス業,8030001054043
E35323,株式会社スポーツフィールド,サービス業,2011001063479
E35325,フリー株式会社,情報・通信業,7010401100770
E35330,株式会社スペースマーケット,情報・通信業,9011301020099
E35334,株式会社ひとまいる,卸売業,2011501000964
E35335,ＷＤＢココ株式会社,サービス業,9010001139654
E35340,株式会社ＡＤワークスグループ,不動産業,1010001208771
E35341,ＩＮＣＬＵＳＩＶＥ　Ｈｏｌｄｉｎｇｓ株式会社,サービス業,3010401068418
E35344,株式会社ＱＬＳホールディングス,サービス業,9120001219189
E35345,ＡＩ　ｉｎｓｉｄｅ株式会社,情報・通信業,6011001106762
E35354,株式会社サイバーセキュリティクラウド,情報・通信業,9011001066277
E35449,木村工機株式会社,機械,9120001077892
E35466,コンピューターマネージメント株式会社,情報・通信業,8120001028938
E35470,株式会社ウイルテック,サービス業,3120001157048
E35483,フォースタートアップス株式会社,サービス業,1011201019356
E35487,株式会社フォーラムエンジニアリング,サービス業,3010401025641
E35488,株式会社カーブスホールディングス,サービス業,5070001005771
E35489,株式会社Ｓｍｉｌｅ　Ｈｏｌｄｉｎｇｓ,サービス業,3010701035613
E35491,株式会社ミクリード,卸売業,7011501018184
E35493,株式会社関通,倉庫・運輸関連,7122001008714
E35496,ステラファーマ株式会社,医薬品,5120001124194
E35497,日本インシュレーション株式会社,ガラス・土石製品,1120001040610
E35504,株式会社ゼネテック,情報・通信業,7011101011259
E35508,株式会社リビングプラットフォーム,サービス業,4430001059195
E35510,株式会社ペルセウスプロテオミクス,医薬品,1013201011111
E35514,アディッシュ株式会社,サービス業,1010701029988
E35516,サイバートラスト株式会社,情報・通信業,3010401064771
E35518,株式会社モダリス,医薬品,1010001172984
E35534,株式会社Ｍａｃｂｅｅ　Ｐｌａｎｅｔ,サービス業,7011001107074
E35542,株式会社ＱＤレーザ,電気機器,8020001085428
E35544,バリオセキュア株式会社,情報・通信業,6010001170604
E35554,株式会社コパ・コーポレーション,卸売業,9011001050405
E35555,エブレン株式会社,電気機器,4010101000605
E35560,株式会社松屋アールアンドディ,機械,3210001009917
E35562,株式会社ＮｅｘＴｏｎｅ,サービス業,5011001072766
E35563,株式会社ステムセル研究所,医薬品,8010401038548
E35568,株式会社アルマード,化学,4011201014503
E35578,株式会社アイキューブドシステムズ,情報・通信業,6290001042164
E35587,ＳＡＮＥＩ株式会社,機械,1120001012428
E35589,株式会社コマースＯｎｅホールディングス,情報・通信業,7010001101896
E35597,ヤマイチエステート株式会社,不動産業,6170001003368
E35610,株式会社セルム,サービス業,8011001112552
E35611,株式会社さくらさくプラス,サービス業,6010001185437
E35614,株式会社ランドネット,不動産業,9013301017315
E35631,株式会社ＬＡホールディングス,不動産業,1010401153766
E35632,株式会社Ｓｐｅｅｅ,情報・通信業,5010401084611
E35642,ＧＭＯフィナンシャルゲート株式会社,情報・通信業,5011001064508
E35758,フィーチャ株式会社,情報・通信業,6030001049697
E35765,株式会社インターファクトリー,情報・通信業,9011601012325
E35766,株式会社交換できるくん,サービス業,2011001073362
E35767,株式会社ＴＷＯＳＴＯＮＥ＆Ｓｏｎｓ,サービス業,2011001096974
E35773,株式会社グッドパッチ,情報・通信業,6010501033839
E35790,ＫＩＹＯラーニング株式会社,サービス業,2011001066077
E35791,あすか製薬ホールディングス株式会社,医薬品,8010401159328
E35797,株式会社ＡＳＮＯＶＡ,サービス業,6210001015400
E35810,株式会社ひろぎんホールディングス,銀行業,6240001056714
E35821,日本情報クリエイト株式会社,情報・通信業,8350001008198
E35824,ティアンドエスグループ株式会社,情報・通信業,6020001118494
E35827,株式会社Ｓｕｎ　Ａｓｔｅｒｉｓｋ,情報・通信業,4010601044077
E35841,ニューラルグループ株式会社,情報・通信業,5010001189158
E35908,株式会社ポピンズ,サービス業,7011001113089
E35911,トヨクモ株式会社,情報・通信業,1010001134431
E35928,株式会社Ｉ－ｎｅ,化学,6140001082869
E35930,ｒａｋｕｍｏ株式会社,情報・通信業,2011001069625
E35931,株式会社ダイレクトマーケティングミックス,サービス業,7010001185502
E35932,株式会社アースインフィニティ,小売業,4120001102102
E35941,株式会社ヘッドウォータース,情報・通信業,4011101040211
E35945,株式会社まぐまぐ,情報・通信業,7011001055793
E35947,株式会社ＳＴＩフードホールディングス,食料品,8010401135262
E35948,キオクシアホールディングス株式会社,電気機器,8010401144206
E35959,株式会社アクシス,情報・通信業,6010401035266
E35967,勤次郎株式会社,情報・通信業,5180001039651
E35989,株式会社カラダノート,サービス業,7010401079733
E35993,Ｒｅｔｔｙ株式会社,サービス業,7010401090888
E36002,Ｈｉクラテス株式会社,情報・通信業,2260001004724
E36031,株式会社バルコス,その他製品,8270001005096
E36046,プレミアアンチエイジング株式会社,化学,2010401085273
E36070,ペイクラウドホールディングス株式会社,情報・通信業,7010401068488
E36077,ＭＩＴホールディングス株式会社,情報・通信業,8040001042344
E36078,株式会社ジオコード,サービス業,4010401094677
E36086,株式会社ココペリ,情報・通信業,8010401088972
E36091,バルミューダ株式会社,電気機器,1012701010928
E36098,株式会社オーケーエム,機械,5160001009813
E36100,株式会社クリーマ,情報・通信業,6011001059861
E36102,オリエンタル白石株式会社,建設業,7010601040057
E36107,株式会社ヤプリ,情報・通信業,6010401104203
E36108,ビートレンド株式会社,サービス業,7010401054521
E36122,株式会社Ｋａｉｚｅｎ　Ｐｌａｔｆｏｒｍ,情報・通信業,2010401130731
E36123,株式会社いつも,サービス業,4010401074282
E36129,クリングルファーマ株式会社,医薬品,7120901027189
E36130,ＥＮＥＣＨＡＮＧＥ株式会社,サービス業,6010601047805
E36132,株式会社オンデック,サービス業,3120001128528
E36133,株式会社リベルタ,化学,4011001034965
E36134,株式会社ＬＩＴＡＬＩＣＯ,サービス業,4011001133197
E36140,株式会社ビーイングホールディングス,陸運業,8220001007865
E36155,株式会社スタメン,情報・通信業,7180001121985
E36172,株式会社グローバルインフォメーション,情報・通信業,4020001065144
E36173,株式会社東京通信グループ,情報・通信業,6011001105525
E36174,かっこ株式会社,情報・通信業,9010001137889
E36190,サワイグループホールディングス株式会社,医薬品,8120001236516
E36213,株式会社アピリッツ,情報・通信業,4011001065192
E36223,人・夢・技術グループ株式会社,サービス業,7010001221554
E36261,株式会社ファブリカホールディングス,情報・通信業,7180001049855
E36312,株式会社Ｇｅｏｌｏｃａｔｉｏｎ　Ｔｅｃｈｎｏｌｏｇｙ,情報・通信業,4080101006447
E36321,株式会社アクシージア,化学,6011101061957
E36322,株式会社ｃｏｌｙ,情報・通信業,7010401110126
E36343,株式会社ｉ－ｐｌｕｇ,情報・通信業,2140001087145
E36350,室町ケミカル株式会社,医薬品,3290001054096
E36351,株式会社ココナラ,サービス業,9010701026061
E36353,株式会社Ｔ．Ｓ．Ｉ,サービス業,6130001044812
E36366,株式会社Ｓｈａｒｉｎｇ　Ｉｎｎｏｖａｔｉｏｎｓ,情報・通信業,5010601039720
E36367,株式会社コンフィデンス・インターワークス,サービス業,6010001162295
E36368,株式会社シキノハイテック,電気機器,3230001007092
E36372,Ａｐｐｉｅｒ　Ｇｒｏｕｐ株式会社,情報・通信業,4010403018510
E36393,株式会社ココルポート,サービス業,9020001094849
E36398,株式会社ジーネクスト,情報・通信業,6010001146785
E36405,株式会社イー・ロジット,倉庫・運輸関連,7010001126191
E36406,ブロードマインド株式会社,その他金融業,6011001066916
E36410,スパイダープラス株式会社,情報・通信業,5013301026121
E36412,テスホールディングス株式会社,建設業,7120001138936
E36420,株式会社ヒューマンクリエイションホールディングス,サービス業,8010001178760
E36421,売れるネット広告社グループ株式会社,情報・通信業,7290001037832
E36431,株式会社ベビーカレンダー,サービス業,5010401065685
E36433,株式会社オキサイド,その他製品,9090001011376
E36435,株式会社アイスコ,卸売業,5020001000471
E36460,株式会社電算システムホールディングス,情報・通信業,9200001038853
E36464,表示灯株式会社,サービス業,7180001040070
E36466,株式会社紀文食品,食料品,4010001041880
E36478,株式会社リファインバースグループ,サービス業,8010001219556
E36484,ビジョナル株式会社,情報・通信業,6011001132222
E36498,株式会社マーキュリアホールディングス,証券、商品先物取引業,8010001219432
E36532,株式会社ネオマーケティング,情報・通信業,4011001046358
E36539,ＤＮホールディングス株式会社,サービス業,8010001219795
E36545,株式会社ジェイ・イー・ティ,機械,1260001018766
E36621,株式会社メイホーホールディングス,サービス業,6200001033709
E36627,ドリームベッド株式会社,その他製品,7240001007740
E36629,株式会社デコルテ・ホールディングス,サービス業,2010001180292
E36635,株式会社プラスアルファ・コンサルティング,サービス業,9010401068115
E36637,株式会社テンダ,情報・通信業,3013301014169
E36638,株式会社Ｅｎｊｉｎ,サービス業,4120001145497
E36648,株式会社アイドマ・ホールディングス,サービス業,6013301031269
E36653,株式会社ＢｌｕｅＭｅｍｅ,情報・通信業,3010001132912
E36655,ＢＣＣ株式会社,サービス業,4120001181633
E36657,セレンディップ・ホールディングス株式会社,サービス業,8180001058335
E36658,グローバルスタイル株式会社,小売業,8120001084238
E36659,ベイシス株式会社,情報・通信業,7010701017054
E36661,ワンダープラネット株式会社,情報・通信業,3180001106874
E36666,株式会社ジィ・シィ企画,情報・通信業,5040001046876
E36667,株式会社エータイ,サービス業,3011101038066
E36670,株式会社コラントッテ,その他製品,8120001073372
E36697,株式会社Ｗａｑｏｏ,化学,9010901023800
E36700,株式会社ＣＣＩグループ,銀行業,5220001024450
E36703,株式会社十六フィナンシャルグループ,銀行業,7200001039259
E36706,ＮＩＰＰＯＮ　ＥＸＰＲＥＳＳホールディングス株式会社,陸運業,5010001223668
E36707,ユニソルホールディングス株式会社,卸売業,9120001240871
E36708,株式会社ラキール,情報・通信業,4010401134301
E36711,株式会社デリバリーコンサルティング,情報・通信業,4010401054152
E36714,ミアヘルサホールディングス株式会社,小売業,3011101096519
E36722,ブレインズテクノロジー株式会社,情報・通信業,3010601036265
E36723,インフロニア・ホールディングス株式会社,サービス業,3010001221541
E36730,株式会社おきなわフィナンシャルグループ,銀行業,2360001029471
E36733,株式会社くふうカンパニーホールディングス,情報・通信業,5010401163051
E36750,ＡＩメカテック株式会社,電気機器,6050001041264
E36751,ＴＲＥホールディングス株式会社,サービス業,2010001221609
E36756,ヤマエグループホールディングス株式会社,卸売業,9290001094921
E36757,株式会社一家ホールディングス,小売業,4040001120442
E36769,株式会社マナック・ケミカル・パートナーズ,化学,9010001221577
E36795,モビルス株式会社,情報・通信業,6010401095847
E36801,株式会社フューチャーリンクネットワーク,サービス業,7040001019632
E36825,株式会社レナサイエンス,医薬品,1012301007259
E36840,株式会社シイエヌエス,情報・通信業,9011001034011
E36844,株式会社ＳＴＧ,非鉄金属,2122001021985
E36859,株式会社セキュア,情報・通信業,5011101040334
E36860,株式会社アスタリスク,電気機器,3120001164267
E36862,アップコン株式会社,建設業,4020001076372
E36883,株式会社リベロ,サービス業,1010901024558
E36886,メディア総研株式会社,サービス業,2290001005793
E36896,株式会社プロジェクトホールディングス,サービス業,8010401122459
E36897,株式会社コアコンセプト・テクノロジー,情報・通信業,4010001127738
E36901,株式会社ＲＯＢＯＴ　ＰＡＹＭＥＮＴ,情報・通信業,7011001051017
E36905,ユミルリンク株式会社,情報・通信業,3011001034545
E36928,シンプレクス・ホールディングス株式会社,情報・通信業,5010401128558
E36937,株式会社ＢｅｅＸ,情報・通信業,4010001173996
E36944,株式会社ワンキャリア,情報・通信業,8011001106991
E36946,セーフィー株式会社,情報・通信業,7010701030065
E36956,株式会社坪田ラボ,サービス業,5010401099989
E36961,株式会社デジタリフト,サービス業,8011301019084
E36968,日本エコシステム株式会社,サービス業,8180001084777
E36969,ジャパンクラフトホールディングス株式会社,小売業,4180001149377
E36976,ＰＨＣホールディングス株式会社,電気機器,6010001155349
E36988,株式会社ＧＲＣＳ,サービス業,3010001097899
E36989,株式会社ＣＩＮＣ,情報・通信業,9011101069568
E36991,日本調理機株式会社,機械,8010801009041
E37006,スローガン株式会社,サービス業,1010001096077
E37038,株式会社ＡＢ＆Ｃｏｍｐａｎｙ,サービス業,8010401136855
E37060,株式会社Ｐｈｏｔｏｓｙｎｔｈ,情報・通信業,4010701029878
E37069,㈱ティムス,医薬品,5013401006469
E37082,のむら産業株式会社,機械,2012701007849
E37095,株式会社サイエンスアーツ,情報・通信業,3010001129272
E37098,株式会社ラストワンマイル,情報・通信業,2010001147267
E37105,ＴＨＥＣＯＯ株式会社,情報・通信業,4010701028921
E37115,株式会社ブロードエンタープライズ,情報・通信業,5120001103719
E37130,株式会社フレクト,情報・通信業,6011001045498
E37131,アジアクエスト株式会社,情報・通信業,2010901030183
E37133,株式会社ボードルア,情報・通信業,4010401098975
E37141,株式会社長栄,不動産業,9130001015067
E37143,株式会社アップガレージグループ,サービス業,7020001105153
E37145,株式会社Ｆｉｎａｔｅｘｔホールディングス,サービス業,8010001157847
E37146,株式会社Ｔｒｕｅ　Ｄａｔａ,情報・通信業,6010401042601
E37147,グローバルセキュリティエキスパート株式会社,情報・通信業,2010401086255
E37153,Ｇｒｅｅｎ　Ｅａｒｔｈ　Ｉｎｓｔｉｔｕｔｅ株式会社,サービス業,4010001142142
E37156,湖北工業株式会社,電気機器,9160001007235
E37157,三和油化工業株式会社,化学,4180301014009
E37158,株式会社エクサウィザーズ,情報・通信業,2010001173536
E37159,株式会社ラバブルマーケティンググループ,情報・通信業,3010401113149
E37160,株式会社網屋,情報・通信業,8010001036654
E37165,株式会社ライフドリンク　カンパニー,食料品,7120901008940
E37169,株式会社サインド,サービス業,9010701025765
E37175,株式会社ＪＤＳＣ,情報・通信業,6010001193638
E37176,株式会社エフ・コード,サービス業,7011101050802
E37192,株式会社ハイブリッドテクノロジーズ,情報・通信業,4012401031387
E37194,株式会社ネットプロテクションズホールディングス,情報・通信業,1010001193056
E37197,株式会社タカヨシホールディングス,サービス業,3040001004316
E37198,ＨＹＵＧＡ　ＰＲＩＭＡＲＹ　ＣＡＲＥ株式会社,小売業,4290001042983
E37199,株式会社ＣＳ－Ｃ,情報・通信業,6011501017170
E37206,ニフティライフスタイル株式会社,情報・通信業,5011101083341
E37207,サスメド株式会社,情報・通信業,7010003022232
E37214,株式会社シーユーシー,サービス業,9010401113614
E37221,株式会社サクシード,サービス業,7011101037139
E37222,Ｉｎｓｔｉｔｕｔｉｏｎ　ｆｏｒ　ａ　Ｇｌｏｂａｌ　Ｓｏｃｉｅｔｙ株式会社,情報・通信業,8011001065180
E37292,Ｒｅｃｏｖｅｒｙ　Ｉｎｔｅｒｎａｔｉｏｎａｌ株式会社,サービス業,3011101068278
E37304,株式会社セイファート,サービス業,6011001043048
E37333,モイ株式会社,情報・通信業,5010001145409
E37397,株式会社マーキュリー,情報・通信業,7011101040753
E37399,ビーウィズ株式会社,サービス業,6011101029715
E37412,株式会社プロクレアホールディングス,銀行業,3420001017799
E37419,株式会社イメージ・マジック,その他製品,4030001059302
E37432,株式会社ＣａＳｙ,サービス業,6010001158418
E37435,株式会社ヌーラボ,サービス業,7290001026389
E37456,株式会社セレコーポレーション,不動産業,5010401048987
E37457,株式会社ＴＯＲＩＣＯ,小売業,5011201010526
E37458,株式会社トリプルアイズ,情報・通信業,3011001072652
E37466,ＡｎｙＭｉｎｄ　Ｇｒｏｕｐ株式会社,情報・通信業,7010401150205
E37468,株式会社ノバック,建設業,4140001058111
E37482,株式会社ファインズ,情報・通信業,2011001127135
E37488,株式会社ＫＯＫＵＳＡＩ　ＥＬＥＣＴＲＩＣ,電気機器,4010003024801
E37499,守谷輸送機工業株式会社,機械,8020001010674
E37502,株式会社アスマーク,情報・通信業,2010901015886
E37504,クリアル株式会社,不動産業,3010401093663
E37506,セカンドサイトアナリティカ株式会社,情報・通信業,1010001176151
E37508,株式会社メンタルヘルステクノロジーズ,情報・通信業,2010701026514
E37523,エフビー介護サービス株式会社,サービス業,2100001007791
E37546,株式会社ギックス,サービス業,8011001092828
E37560,フルハシＥＰＯ株式会社,サービス業,3180001022733
E37563,インフォメティス株式会社,情報・通信業,2010401105122
E37573,ＡＮＹＣＯＬＯＲ株式会社,サービス業,7011101080460
E37577,ウェルビングループ株式会社,小売業,4030001135706
E37584,株式会社ｉｓｐａｃｅ,輸送用機器,3030003001527
E37589,ペットゴー株式会社,小売業,4011101038288
E37595,株式会社ストレージ王,不動産業,3260001012107
E37603,サークレイス株式会社,情報・通信業,5010001150061
E37627,インテグループ株式会社,サービス業,4010001110066
E37709,株式会社イーディーピー,その他製品,3120901029247
E37719,株式会社サンウェルズ,サービス業,9220001010117
E37725,株式会社いよぎんホールディングス,銀行業,3500001024507
E37733,株式会社クオンツ総研ホールディングス,サービス業,3011001124759
E37740,マイクロ波化学株式会社,サービス業,2120901017335
E37741,株式会社ピックルスホールディングス,食料品,8030001149933
E37742,株式会社マイクロアド,サービス業,5011001052933
E37743,ウェルネス・コミュニケーションズ株式会社,サービス業,2010601032208
E37744,株式会社ＡＶｉＣ,サービス業,5012401024308
E37777,株式会社しずおかフィナンシャルグループ,銀行業,9080001025220
E37779,ＩＮＴＬＯＯＰ株式会社,サービス業,6010401064612
E37781,株式会社あいちフィナンシャルグループ,銀行業,1180001153290
E37785,株式会社ちゅうぎんフィナンシャルグループ,銀行業,1260001037279
E37788,日本管財ホールディングス株式会社,サービス業,6140001129629
E37790,ＨＯＵＳＥＩ株式会社,情報・通信業,7010701008994
E37796,株式会社エアークローゼット,サービス業,6040001086707
E37810,ブリッジコンサルティンググループ株式会社,サービス業,9010401096413
E37814,株式会社ＫＹＯＲＩＴＳＵ,その他製品,5010902023530
E37815,株式会社ｕｎｅｒｒｙ,情報・通信業,7010001169991
E37831,ＩＮＥＳＴ株式会社,卸売業,6013301049765
E37833,日本ビジネスシステムズ株式会社,情報・通信業,4010401041588
E37848,株式会社クラシコム,小売業,6012401017913
E37902,株式会社ｅＷｅＬＬ,情報・通信業,1120001171257
E37911,ジャパニアス株式会社,サービス業,6020001036275
E37914,株式会社テリロジーホールディングス,卸売業,4010001230566
E37926,ポーターズ株式会社,情報・通信業,1010401046887
E37936,株式会社プログリット,サービス業,4010001178269
E37950,株式会社キットアライブ,情報・通信業,6430001072262
E37957,ビジネスコーチ株式会社,サービス業,5010001092774
E37959,株式会社ＦＩＸＥＲ,情報・通信業,1010401084788
E37960,株式会社キューブ,小売業,4011001045995
E37978,株式会社ソシオネクスト,電気機器,7020001107604
E37979,株式会社グラッドキューブ,サービス業,9120001129165
E37985,Ａｔｌａｓ　Ｔｅｃｈｎｏｌｏｇｉｅｓ株式会社,サービス業,8012401033578
E37986,ＳＢＩリーシングサービス株式会社,その他金融業,4010401130688
E37987,リンカーズ株式会社,情報・通信業,1010901029020
E38007,株式会社ＦＣＥ,サービス業,5011101080339
E38008,株式会社ｐｌｕｓｚｅｒｏ,情報・通信業,7010901042439
E38036,株式会社ＰＯＰＥＲ,情報・通信業,8011001103683
E38043,ｎｏｔｅ株式会社,サービス業,3011001071811
E38072,ｔｒｉｐｌａ株式会社,情報・通信業,8012701013115
E38078,株式会社エスネットワークス,サービス業,7010401041874
E38104,ベースフード株式会社,小売業,6010901037910
E38109,株式会社ＡＢＥＪＡ,情報・通信業,5011001091576
E38118,株式会社アルファパーチェス,卸売業,8010401090648
E38129,株式会社ｐｒｏｐｅｒｔｙ　ｔｅｃｈｎｏｌｏｇｉｅｓ,不動産業,5011001137024
E38139,株式会社アソインターナショナル,その他製品,5010001035717
E38148,大栄環境株式会社,サービス業,6120101041611
E38155,ＧＬＯＥ株式会社,サービス業,3011001108349
E38156,株式会社サイフューズ,医薬品,1010001140223
E38157,ｍｏｎｏＡＩ　ｔｅｃｈｎｏｌｏｇｙ株式会社,情報・通信業,3011101065465
E38162,株式会社トリドリ,サービス業,6011001111250
E38163,株式会社アイズ,サービス業,3011001051128
E38167,株式会社フーディソン,情報・通信業,8010401104993
E38168,株式会社サンクゼール,食料品,4100001004085
E38169,株式会社ＥＬＥＭＥＮＴＳ,情報・通信業,4011001098069
E38171,株式会社Ｒｅｂａｓｅ,情報・通信業,1010901034004
E38178,株式会社コーチ・エィ,サービス業,6010001075555
E38180,オープンワーク株式会社,情報・通信業,4011001063527
E38191,株式会社ＢＴＭ,情報・通信業,4010701025456
E38192,株式会社ＩＮＦＯＲＩＣＨ,サービス業,5011001107217
E38200,株式会社スマサポ,サービス業,1120001170275
E38201,株式会社ｊｉｇ．ｊｐ,情報・通信業,3011101042092
E38202,ダイワ通信株式会社,情報・通信業,2220001020849
E38205,株式会社スマートドライブ,情報・通信業,9010901033015
E38215,株式会社ＧＥＮＯＶＡ,サービス業,6011001046711
E38256,株式会社テクノロジーズ,情報・通信業,3010901034654
E38288,ＢＢＤイニシアティブ株式会社,情報・通信業,8010401173510
E38335,ノバシステム株式会社,情報・通信業,8120001046444
E38367,ＧＭＯプライム・ストラテジー株式会社,情報・通信業,2010401081974
E38373,株式会社日本オーエー研究所,情報・通信業,7010001006022
E38382,株式会社伸和ホールディングス,小売業,8430001032173
E38427,株式会社ハルメクホールディングス,小売業,9011101091910
E38440,株式会社アイビス,サービス業,7180001050326
E38443,株式会社ＳＨＩＮＫＯ,情報・通信業,7010501036634
E38450,ビズメイツ株式会社,サービス業,8010001147872
E38452,アクシスコンサルティング株式会社,サービス業,5010001078311
E38453,ノイルイミューン・バイオテック株式会社,医薬品,1010001167340
E38460,株式会社Ｆｕｓｉｃ,情報・通信業,4290001023455
E38472,株式会社Ａｒｅｎｔ,情報・通信業,7080401018908
E38474,日本ナレッジ株式会社,情報・通信業,3010501010543
E38477,株式会社モンスターラボ,情報・通信業,3013201019037
E38478,カバー株式会社,情報・通信業,4011001111450
E38483,株式会社エコム,機械,2080401002321
E38491,株式会社トランザクション・メディア・ネットワークス,情報・通信業,7010001115847
E38504,南海化学株式会社,化学,1120001046120
E38512,日本システムバンク株式会社,不動産業,8210001002628
E38523,株式会社テクニスコ,金属製品,7010701006313
E38525,株式会社トライアルホールディングス,小売業,9290001071458
E38541,株式会社ジェノバ,情報・通信業,2010001077613
E38567,株式会社Ｒｉｄｇｅ－ｉ,情報・通信業,9010001177423
E38634,株式会社エリッツホールディングス,不動産業,2130001048932
E38641,株式会社プロディライト,情報・通信業,1120001146779
E38645,株式会社オービーシステム,情報・通信業,5120001030401
E38651,株式会社キャスター,サービス業,7020001107769
E38654,ＡＲアドバンストテクノロジ株式会社,情報・通信業,2010001130058
E38662,株式会社Ｇｌｏｂｅｅ,情報・通信業,9011001100548
E38667,株式会社リアルゲイト,不動産業,2010401098366
E38682,株式会社クラダシ,小売業,3011001100958
E38683,株式会社グリッド,情報・通信業,4010401084422
E38684,株式会社ジーデップ・アドバンス,卸売業,1010001173009
E38685,株式会社ＧＳＩ,情報・通信業,6430001032588
E38687,株式会社Ｗ　ＴＯＫＹＯ,サービス業,1010001168883
E38688,クオリプス株式会社,医薬品,7020001120540
E38689,コージンバイオ株式会社,医薬品,5030001068764
E38693,株式会社クオルテック,サービス業,5120101021226
E38695,ＡｅｒｏＥｄｇｅ株式会社,金属製品,4060001027529
E38698,株式会社ブリーチ,サービス業,6040001070438
E38714,株式会社京都フィナンシャルグループ,銀行業,3130001075397
E38716,ニッポンインシュア株式会社,その他金融業,7290001022124
E38722,フラー株式会社,情報・通信業,7050001033574
E38723,ＮＩＳＳＯホールディングス株式会社,サービス業,1020001153802
E38728,株式会社ナレルグループ,サービス業,1010401145895
E38738,ＤＡＩＷＡ　ＣＹＣＬＥ株式会社,小売業,4122001021471
E38739,株式会社ＧＥＮＤＡ,サービス業,4010001191817
E38755,株式会社Ｌａｂｏｒｏ．ＡＩ,情報・通信業,7010001174744
E38760,ミガロホールディングス株式会社,不動産業,5011101104601
E38761,リケンＮＰＲ株式会社,機械,9010001238935
E38780,株式会社ＪＲＣ,輸送用機器,2120001044197
E38785,株式会社カイテクノロジー,情報・通信業,2010401122225
E38849,株式会社揚羽,サービス業,3010001133118
E38864,株式会社インバウンドプラットフォーム,情報・通信業,2011001107558
E38895,株式会社ライズ・コンサルティング・グループ,サービス業,5010401156815
E38898,笹徳印刷株式会社,その他製品,1180001069322
E38905,Ｃｈｏｒｄｉａ　Ｔｈｅｒａｐｅｕｔｉｃｓ株式会社,医薬品,1021001063330
E38906,成友興業株式会社,サービス業,5013101000994
E38919,株式会社オートサーバー,情報・通信業,2010001171804
E38926,株式会社　西部技研,機械,5290001036357
E38948,ファーストアカウンティング株式会社,情報・通信業,7010401125256
E38949,株式会社ＡＶＩＬＥＮ,情報・通信業,1010501042976
E38957,株式会社ネットスターズ,情報・通信業,9010001141627
E38965,株式会社くすりの窓口,情報・通信業,7420001005379
E38969,株式会社笑美面,サービス業,9120001146301
E38979,株式会社オカムラ食品工業,食料品,2420001000582
E38985,株式会社ケイファーマ,医薬品,9010401128001
E39008,ジャパンＭ＆Ａソリューション株式会社,サービス業,3010701038434
E39009,株式会社ドリーム・アーツ,情報・通信業,9011001040835
E39018,全保連株式会社,その他金融業,9360001002793
E39023,株式会社ＡｌｂａＬｉｎｋ,不動産業,4010401091724
E39074,Ｊａｐａｎ　Ｅｙｅｗｅａｒ　Ｈｏｌｄｉｎｇｓ株式会社,小売業,6010001202919
E39089,バリュークリエーション株式会社,サービス業,8011001056031
E39114,ブルーイノベーション株式会社,情報・通信業,7010002053617
E39122,Ｓ＆Ｊ株式会社,情報・通信業,9010401079013
E39133,株式会社魁力屋,小売業,4130001026309
E39136,株式会社ロココ,情報・通信業,5120001092383
E39158,株式会社ナルネットコミュニケーションズ,サービス業,9010401147034
E39161,株式会社シンカ,情報・通信業,5010001158006
E39162,株式会社雨風太陽,情報・通信業,7400001010018
E39165,株式会社早稲田学習研究会,サービス業,8070001020347
E39171,マーソ株式会社,情報・通信業,9010401116526
E39184,株式会社ＪＳＨ,サービス業,9010001174841
E39194,株式会社ヒューマンテクノロジーズ,情報・通信業,9010001144019
E39203,ナイル株式会社,情報・通信業,9013301023560
E39222,株式会社ｙｕｔｏｒｉ,小売業,1020003014176
E39254,リョーサン菱洋ホールディングス株式会社,卸売業,8010001243688
E39259,株式会社タスキホールディングス,不動産業,8010401181579
E39268,株式会社Ｖｅｒｉｔａｓ　Ｉｎ　Ｓｉｌｉｃｏ,医薬品,4011001113744
E39273,株式会社イタミアート,その他製品,2260001008618
E39349,Ｃｏｃｏｌｉｖｅ株式会社,情報・通信業,4010401129383
E39367,株式会社ジンジブ,サービス業,8010401117310
E39377,光フードサービス株式会社,小売業,6180001072619
E39382,株式会社ＶＲＡＩＮ　Ｓｏｌｕｔｉｏｎ,情報・通信業,3010001208381
E39397,株式会社カウリス,サービス業,7011101075345
E39405,株式会社情報戦略テクノロジー,情報・通信業,2011001059411
E39406,イシン株式会社,サービス業,6011101062914
E39407,コロンビア・ワークス株式会社,不動産業,8011001094980
E39408,グリーンモンスター株式会社,サービス業,8011001096069
E39409,株式会社Ｌ　ｉｓ　Ｂ,情報・通信業,6010601042541
E39410,株式会社ハッチ・ワーク,情報・通信業,4010401098174
E39448,株式会社アズパートナーズ,サービス業,3010001090458
E39449,株式会社キッズスター,情報・通信業,6011001102514
E39460,株式会社ハンモック,情報・通信業,7013301029898
E39473,マテリアルグループ株式会社,サービス業,8010401113771
E39476,株式会社ダイブ,サービス業,6011101046603
E39483,株式会社ソラコム,情報・通信業,9011001102783
E39487,株式会社Ｗｉｌｌ　Ｓｍａｒｔ,情報・通信業,3010401103249
E39505,株式会社構造計画研究所ホールディングス,情報・通信業,5011201025607
E39640,株式会社ＷＯＬＶＥＳ　ＨＡＮＤ,サービス業,7010001199948
E39645,株式会社タウンズ,医薬品,4010001175101
E39646,株式会社Ｄ＆Ｍカンパニー,その他金融業,2120001194249
E39653,株式会社学びエイド,情報・通信業,4010001167800
E39661,株式会社アストロスケールホールディングス,サービス業,6010603007550
E39662,株式会社ＭＵＳＣＡＴ　ＧＲＯＵＰ,サービス業,2011101076579
E39668,株式会社ＭＦＳ,その他金融業,5010401082796
E39671,株式会社ロゴスホールディングス,建設業,4430001081892
E39677,株式会社ＥＴＳグループ,建設業,4013301053182
E39691,株式会社豆蔵,情報・通信業,6011101093174
E39708,ＰｏｓｔＰｒｉｍｅ株式会社,情報・通信業,7010401155402
E39729,株式会社カドス・コーポレーション,建設業,9250001001352
E39732,フィットイージー株式会社,サービス業,3200001035344
E39737,ＡＩフュージョンキャピタルグループ株式会社,その他金融業,9010001248769
E39741,ジーエルテクノホールディングス株式会社,精密機器,2011101109000
E39751,株式会社ＰＲＩＳＭ　ＢｉｏＬａｂ,医薬品,6020001095131
E39759,Ｈｅａｒｔｓｅｅｄ株式会社,医薬品,4011001108455
E39760,株式会社タイミー,情報・通信業,1012801018219
E39778,株式会社Ｆａｂｅｒ　Ｃｏｍｐａｎｙ,情報・通信業,5010401064118
E39785,飛島ホールディングス株式会社,建設業,3010401185502
E39788,株式会社Ｌｉｂｅｒａｗａｒｅ,情報・通信業,7040001096770
E39812,株式会社グリーンクロスホールディングス,卸売業,9290001107872
E39846,株式会社オプロ,情報・通信業,2010401054559
E39864,Ｃｒｏｓｓ　Ｅホールディングス株式会社,サービス業,3310001018107
E39892,リガク・ホールディングス株式会社,精密機器,7010001214351
E39903,Ａｉロボティクス株式会社,化学,8011001110465
E39906,株式会社ＲＯＸＸ,情報・通信業,4011001097376
E39920,株式会社リプライオリティ,サービス業,9010001128178
E39928,株式会社ＩＮＧＳ,小売業,3011101052273
E39936,株式会社アスア,サービス業,7180001043783
E39945,株式会社ケイ・ウノ,小売業,9180001005179
E39961,グロースエクスパートナーズ株式会社,情報・通信業,9010001118708
E39968,株式会社Ｓａｐｅｅｔ,情報・通信業,5010001174267
E40018,株式会社Ｓｃｈｏｏ,サービス業,3011001071002
E40019,株式会社日水コン,サービス業,3011101015783
E40034,株式会社デジタルキューブ,情報・通信業,7140001029282
E40058,Ｈｍｃｏｍｍ株式会社,情報・通信業,9020001096754
E40060,Ｔｅｒｒａ　Ｄｒｏｎｅ株式会社,情報・通信業,5011001109543
E40066,株式会社ガーデン,小売業,1011101075301
E40130,ククレブ・アドバイザーズ株式会社,不動産業,2010001202336
E40145,株式会社リスキル,サービス業,9011101098757
E40147,グロービング株式会社,サービス業,5011101079356
E40154,ＭＩＣ株式会社,サービス業,2011101020470
E40164,令和アカウンティング・ホールディングス株式会社,サービス業,6010001128817
E40175,株式会社ＴＭＨ,卸売業,9320001011625
E40189,株式会社ジグザグ,情報・通信業,7011001106134
E40194,ハンワホームズ株式会社,建設業,5120101044359
E40206,ラクサス・テクノロジーズ株式会社,サービス業,9240001017580
E40213,黒田グループ株式会社,その他製品,2010001186851
E40215,株式会社ビースタイルホールディングス,サービス業,7011101090501
E40216,株式会社Ｓｙｎｓｐｅｃｔｉｖｅ,情報・通信業,4010001189902
E40223,株式会社ｖｉｓｕｍｏ,その他製品,2011001127358
E40230,フォルシア株式会社,情報・通信業,8011101031454
E40236,クラシル株式会社,情報・通信業,2011001099829
E40253,ＧＶＡ　ＴＥＣＨ株式会社,情報・通信業,3011001114347
E40269,株式会社技術承継機構,サービス業,8010001193280
E40334,株式会社ブッキングリゾート,サービス業,8140001090861
E40354,株式会社フライヤー,情報・通信業,1011001095283
E40398,株式会社ＴＥＮＴＩＡＬ,小売業,9011001120604
E40399,株式会社ＴａｌｅｎｔＸ,情報・通信業,3010001192221
E40400,ミーク株式会社,情報・通信業,5010701037252
E40408,株式会社ＩＡＣＥトラベル,サービス業,7010001128717
E40420,株式会社メディックス,サービス業,7010001030732
E40423,株式会社トヨコー,精密機器,2080101010566
E40429,株式会社ＺｅｎｍｕＴｅｃｈ,情報・通信業,9011001099070
E40432,ダイナミックマッププラットフォーム株式会社,情報・通信業,4010401125416
E40448,プログレス・テクノロジーズ　グループ株式会社,サービス業,4010401153730
E40452,株式会社ビジュアル・プロセッシング・ジャパン,情報・通信業,9011001019532
E40477,株式会社ミライロ,サービス業,4120001144623
E40500,株式会社アクセルスペースホールディングス,情報・通信業,1010001207963
E40505,デジタルグリッド株式会社,電気・ガス業,4010001187063
E40516,エレベーターコミュニケーションズ株式会社,サービス業,5010801017897
E40546,株式会社ＬＯＩＶＥ,サービス業,7430001038015
E40640,株式会社リップス,化学,1011001056203
E40648,プリモグローバルホールディングス株式会社,小売業,2010001214496
E40662,株式会社レント,サービス業,2080001005740
E40668,株式会社北里コーポレーション,精密機器,9010001108188
E40715,株式会社ヒット,サービス業,7010001055143
E40727,富士ユナイトホールディングス株式会社,卸売業,2010001259038
E40748,株式会社山忠,不動産業,4180001098211
E40756,株式会社みのや,小売業,5030001008183
E40792,ＧＭＯ　ＴＥＣＨホールディングス株式会社,サービス業,1011001172925
E40854,株式会社ＱＰＳホールディングス,情報・通信業,2290001112391
E40865,株式会社ＵＮＩＣＯＮホールディングス,建設業,5010001200089
E40879,株式会社インテリックスホールディングス,不動産業,5011001174216
E40904,株式会社オーバーラップホールディングス,情報・通信業,2010001226772
E40916,ＧＭＯコマース株式会社,情報・通信業,5011001092582
E40917,サイプレス・ホールディングス株式会社,小売業,2010001202872
E40919,ウリドキ株式会社,情報・通信業,5010701030190
E40925,株式会社ムービン・ストラテジック・キャリア,サービス業,9010001123906
E40934,株式会社パワーエックス,電気機器,7010401159056
E40964,ユーソナー株式会社,情報・通信業,3011101023530
E40979,ＮＥ株式会社,情報・通信業,2021001075886
E40985,テクセンドフォトマスク株式会社,精密機器,1010401164466
E40991,辻・本郷ＩＴコンサルティング株式会社,サービス業,2011001073585
E41010,サイバーソリューションズ株式会社,情報・通信業,7010001231677
E41028,株式会社インフキュリオン,情報・通信業,4010001117846
E41037,テラテクノロジー株式会社,情報・通信業,8013301007853
E41055,株式会社フィットクルー,サービス業,6120901034938
E41076,ＨＵＭＡＮ　ＭＡＤＥ株式会社,小売業,2011001109488
E41081,株式会社ＦＵＮＤＩＮＮＯ,証券、商品先物取引業,7010401121809
E41086,ＢＲＡＮＵ株式会社,情報・通信業,6010401083620
E41104,株式会社ノースサンド,サービス業,6010601048200
E41108,株式会社フツパー,情報・通信業,7120001228357
E41115,株式会社ギミック,サービス業,7011001073333
E41130,ＡＲＣＨＩＯＮ株式会社,輸送用機器,7012801024013
E41144,株式会社ミラティブ,情報・通信業,6010901041557
E41149,ＮＳグループ株式会社,その他金融業,3010001220782
E41152,株式会社スタートライン,サービス業,9010101009311
E41154,株式会社リブ・コンサルティング,サービス業,4010001148263
E41191,ＰＲＯＮＩ株式会社,情報・通信業,3011001091842
E41257,株式会社ＴＯブックス,情報・通信業,3011001100140
E41309,株式会社ギークリー,サービス業,7011001072459
E41318,イノバセル株式会社,医薬品,1011001137886
E41409,株式会社セイワホールディングス,金属製品,4180001144361
E41485,株式会社システムエグゼ,情報・通信業,2010001019680
E41486,株式会社ベーシック,情報・通信業,6010001087006
